gauge_id,water_frac,trees_frac,flooded_veg_frac,crops_frac,built_area_frac,bare_frac,range_frac,dom_land_cover,dom_land_cover_frac,lai_mean,lai_min,lai_max,lai_diff
03001,0.011179,0.537567,0.000037,0.137423,0.006791,0.000724,0.306280,trees,0.537567,1.557,0.512,7.288,6.775
03002,0.005099,0.355923,0.000005,0.438064,0.047201,0.000264,0.153445,crops,0.438064,1.185,0.519,7.231,6.712
03003,0.026252,0.327017,0.001591,0.392211,0.034952,0.000616,0.217360,crops,0.392211,1.201,0.559,2.662,2.103
03004,0.016128,0.000015,0.000000,0.948382,0.030363,0.000100,0.005012,crops,0.948382,0.731,0.424,0.987,0.563
03005,0.023310,0.286059,0.000715,0.427600,0.032435,0.001793,0.228086,crops,0.427600,1.152,0.258,7.773,7.515
03006,0.006191,0.040596,0.000000,0.878143,0.045327,0.000003,0.029740,crops,0.878143,0.864,0.500,7.127,6.627
03007,0.016807,0.261668,0.000017,0.527142,0.028831,0.000560,0.164974,crops,0.527142,1.108,0.261,7.773,7.512
03008,0.020588,0.034625,0.000366,0.675821,0.024607,0.000618,0.243375,crops,0.675821,0.831,0.202,7.525,7.323
03009,0.035274,0.001902,0.000000,0.687051,0.027688,0.000053,0.248031,crops,0.687051,0.616,0.364,0.909,0.545
03010,0.022007,0.176424,0.000311,0.556167,0.032588,0.001475,0.211030,crops,0.556167,0.985,0.151,9.039,8.888
03011,0.029203,0.019258,0.000681,0.525350,0.023572,0.000000,0.401935,crops,0.525350,0.771,0.345,1.575,1.230
03012,0.020169,0.322950,0.000345,0.385969,0.032644,0.001756,0.236167,crops,0.385969,1.183,0.261,7.773,7.512
03013,0.015842,0.163085,0.001441,0.256321,0.015124,0.001397,0.546790,rangeland,0.546790,1.106,0.311,7.498,7.188
03014,0.026002,0.045021,0.000487,0.677083,0.020766,0.000008,0.230633,crops,0.677083,0.855,0.378,7.525,7.147
03015,0.000124,0.356047,0.000000,0.383583,0.009737,0.000039,0.250470,crops,0.383583,1.206,0.582,1.786,1.204
03016,0.023701,0.150380,0.000563,0.582967,0.027319,0.000511,0.214560,crops,0.582967,1.012,0.423,7.610,7.187
03017,0.002625,0.331766,0.000000,0.336497,0.009363,0.000016,0.319733,crops,0.336497,1.216,0.722,1.949,1.227
03018,0.013459,0.324985,0.000047,0.383356,0.033599,0.000279,0.244276,crops,0.383356,1.188,0.222,7.231,7.009
03019,0.019692,0.000793,0.000019,0.605158,0.027601,0.000026,0.346711,crops,0.605158,0.645,0.388,0.934,0.546
03020,0.030900,0.005236,0.000070,0.776847,0.052175,0.000037,0.134736,crops,0.776847,0.679,0.176,7.672,7.495
03021,0.114981,0.037558,0.002268,0.478802,0.063731,0.000075,0.302584,crops,0.478802,0.723,0.315,7.672,7.356
03022,0.022073,0.198468,0.000296,0.519990,0.030891,0.001602,0.226681,crops,0.519990,1.035,0.124,9.039,8.914
03023,0.021997,0.176218,0.000310,0.556597,0.032577,0.001444,0.210857,crops,0.556597,0.985,0.151,9.039,8.888
03024,0.025205,0.102774,0.000313,0.576021,0.037635,0.000526,0.257526,crops,0.576021,0.906,0.556,7.169,6.613
03025,0.029276,0.004828,0.000064,0.782417,0.050515,0.000064,0.132837,crops,0.782417,0.678,0.176,7.672,7.495
03026,0.088633,0.015371,0.000000,0.609650,0.042479,0.000118,0.243750,crops,0.609650,0.709,0.251,6.915,6.664
03027,0.053103,0.057209,0.000094,0.658721,0.045857,0.000294,0.184724,crops,0.658721,0.863,0.387,2.443,2.056
03028,0.023646,0.027963,0.000544,0.727965,0.026931,0.000627,0.192324,crops,0.727965,0.829,0.202,7.525,7.323
03029,0.029443,0.004862,0.000065,0.781128,0.050651,0.000064,0.133787,crops,0.781128,0.678,0.176,7.672,7.495
03030,0.029047,0.024316,0.000772,0.739474,0.022710,0.000045,0.183637,crops,0.739474,0.800,0.320,7.525,7.205
03031,0.021222,0.230734,0.000061,0.457503,0.038082,0.000176,0.252222,crops,0.457503,1.058,0.222,2.419,2.197
03032,0.034760,0.007049,0.000088,0.752673,0.061671,0.000049,0.143711,crops,0.752673,0.681,0.176,7.672,7.495
03033,0.043327,0.288243,0.000037,0.143204,0.010580,0.000039,0.514569,rangeland,0.514569,1.327,0.164,3.257,3.094
03034,0.030634,0.118016,0.001356,0.552874,0.113740,0.000010,0.183370,crops,0.552874,0.893,0.374,1.782,1.408
03035,0.039469,0.284751,0.000149,0.357159,0.032039,0.000374,0.286060,crops,0.357159,1.048,0.124,2.585,2.460
03036,0.024372,0.102000,0.000364,0.642065,0.036369,0.001092,0.193737,crops,0.642065,0.872,0.176,9.039,8.862
03037,0.017573,0.023906,0.000181,0.642876,0.021352,0.000048,0.294065,crops,0.642876,0.804,0.307,7.518,7.211
03038,0.015700,0.000045,0.000000,0.937220,0.030804,0.000084,0.016146,crops,0.937220,0.729,0.411,1.012,0.601
03039,0.027987,0.022941,0.000722,0.741766,0.022315,0.000045,0.184224,crops,0.741766,0.800,0.320,7.525,7.205
03040,0.020918,0.052795,0.000000,0.759897,0.031830,0.000002,0.134557,crops,0.759897,0.856,0.342,7.127,6.785
03041,0.002454,0.282770,0.000066,0.001344,0.000901,0.000000,0.712466,rangeland,0.712466,1.482,0.980,2.575,1.595
03042,0.004822,0.321352,0.000000,0.527928,0.050106,0.000100,0.095692,crops,0.527928,1.103,0.611,1.929,1.318
03043,0.021964,0.194052,0.000297,0.523914,0.030944,0.001511,0.227319,crops,0.523914,1.026,0.124,9.039,8.914
03044,0.026453,0.029419,0.000000,0.734478,0.041333,0.000101,0.168215,crops,0.734478,0.857,0.516,7.312,6.797
03045,0.024197,0.371955,0.000156,0.149707,0.012769,0.000186,0.441030,rangeland,0.441030,1.436,0.124,7.819,7.695
03046,0.030301,0.007665,0.000246,0.766855,0.075744,0.000062,0.119126,crops,0.766855,0.696,0.226,7.672,7.446
03047,0.006137,0.211965,0.000002,0.649085,0.057220,0.000225,0.075366,crops,0.649085,1.005,0.404,2.200,1.796
03048,0.016754,0.264941,0.000018,0.525488,0.027341,0.000491,0.164967,crops,0.525488,1.113,0.261,7.773,7.512
03049,0.021856,0.179333,0.000308,0.552436,0.032398,0.001584,0.212084,crops,0.552436,0.993,0.151,9.039,8.888
03050,0.001032,0.326407,0.000000,0.092297,0.011878,0.000000,0.568386,rangeland,0.568386,1.487,0.708,2.301,1.593
03051,0.012412,0.004265,0.000000,0.783675,0.031248,0.000000,0.168399,crops,0.783675,0.712,0.344,1.253,0.908
03052,0.006590,0.042780,0.000000,0.580070,0.017670,0.000013,0.352876,crops,0.580070,0.885,0.535,1.641,1.106
03053,0.020501,0.018666,0.001798,0.550366,0.024290,0.000000,0.384378,crops,0.550366,0.744,0.307,1.034,0.728
03054,0.018699,0.335757,0.000356,0.372607,0.031508,0.001398,0.239675,crops,0.372607,1.203,0.261,7.773,7.512
03055,0.025272,0.020418,0.000148,0.762046,0.041196,0.000154,0.150767,crops,0.762046,0.718,0.176,7.674,7.497
03056,0.016248,0.003186,0.000000,0.742080,0.019985,0.000014,0.218487,crops,0.742080,0.739,0.360,6.960,6.600
03057,0.012028,0.377793,0.000048,0.293967,0.026881,0.000491,0.288792,trees,0.377793,1.302,0.222,7.405,7.183
03058,0.022805,0.134180,0.000505,0.607204,0.031558,0.000807,0.202941,crops,0.607204,0.986,0.423,7.610,7.187
03059,0.017282,0.026405,0.000173,0.638694,0.021084,0.000158,0.296205,crops,0.638694,0.816,0.307,7.518,7.211
03060,0.036690,0.021143,0.000389,0.762524,0.066049,0.002452,0.110753,crops,0.762524,0.792,0.389,7.195,6.806
03061,0.024788,0.049530,0.000236,0.803044,0.011922,0.000001,0.110480,crops,0.803044,0.888,0.340,1.648,1.308
03062,0.024959,0.064979,0.000000,0.693578,0.031367,0.000002,0.185114,crops,0.693578,0.856,0.261,1.728,1.468
03063,0.026108,0.003413,0.000044,0.813200,0.042623,0.000055,0.114556,crops,0.813200,0.692,0.176,7.672,7.495
03064,0.022580,0.039114,0.000484,0.614594,0.038010,0.000373,0.284844,crops,0.614594,0.871,0.202,7.410,7.208
03065,0.058343,0.009674,0.000000,0.617370,0.114138,0.000066,0.200409,crops,0.617370,0.721,0.251,6.915,6.664
03066,0.012361,0.011013,0.000147,0.839736,0.042462,0.000180,0.094101,crops,0.839736,0.627,0.319,7.087,6.768
03067,0.043037,0.011924,0.000397,0.695766,0.087368,0.000099,0.161410,crops,0.695766,0.739,0.226,7.672,7.446
03068,0.034815,0.267508,0.000100,0.256970,0.016280,0.000061,0.424266,rangeland,0.424266,1.148,0.222,2.419,2.197
03069,0.026158,0.016871,0.000003,0.571387,0.058340,0.000050,0.327191,crops,0.571387,0.675,0.176,7.268,7.091
03070,0.023949,0.025554,0.000540,0.728149,0.026096,0.000133,0.195579,crops,0.728149,0.828,0.202,7.525,7.323
03071,0.010549,0.477025,0.000038,0.206369,0.018709,0.000778,0.286532,trees,0.477025,1.443,0.222,7.405,7.183
03072,0.024002,0.237176,0.000683,0.485693,0.038079,0.001478,0.212889,crops,0.485693,1.086,0.258,7.773,7.515
03073,0.022343,0.163476,0.000315,0.571853,0.033438,0.001152,0.207422,crops,0.571853,0.964,0.151,9.039,8.888
03074,0.017946,0.022386,0.000155,0.661957,0.021301,0.000050,0.276205,crops,0.661957,0.789,0.307,7.518,7.211
03075,0.021953,0.197750,0.000295,0.520574,0.030770,0.001520,0.227138,crops,0.520574,1.034,0.124,9.039,8.914
03076,0.022020,0.308133,0.001109,0.272957,0.029568,0.000001,0.366212,rangeland,0.366212,1.285,0.694,2.321,1.628
03077,0.026461,0.025480,0.000008,0.477737,0.067718,0.000075,0.402521,crops,0.477737,0.742,0.216,7.095,6.879
03078,0.011197,0.029984,0.000000,0.727423,0.025502,0.000000,0.205894,crops,0.727423,0.880,0.379,1.478,1.099
03079,0.020567,0.000697,0.000009,0.872052,0.027062,0.000044,0.079568,crops,0.872052,0.725,0.258,1.099,0.840
03080,0.022060,0.198471,0.000296,0.519997,0.030891,0.001602,0.226683,crops,0.519997,1.035,0.124,9.039,8.914
03081,0.018948,0.424309,0.000952,0.226970,0.032893,0.000525,0.295402,trees,0.424309,1.343,0.318,7.604,7.286
03082,0.017736,0.276126,0.000445,0.417379,0.016317,0.000094,0.271902,crops,0.417379,1.142,0.519,3.038,2.518
03083,0.008314,0.154224,0.000000,0.533949,0.024069,0.000307,0.279136,crops,0.533949,1.064,0.423,7.457,7.034
03084,0.004643,0.002566,0.000009,0.818982,0.023530,0.000019,0.150252,crops,0.818982,0.740,0.472,1.029,0.557
03085,0.009741,0.000064,0.000003,0.958947,0.029128,0.000000,0.002117,crops,0.958947,0.565,0.319,0.864,0.545
03086,0.024119,0.266814,0.000755,0.457841,0.035636,0.001789,0.213045,crops,0.457841,1.124,0.258,7.773,7.515
03087,0.020461,0.045653,0.000360,0.666178,0.024263,0.000631,0.242454,crops,0.666178,0.844,0.202,7.525,7.323
03088,0.024464,0.443446,0.000678,0.261125,0.025408,0.000000,0.244879,trees,0.443446,1.317,0.698,2.475,1.777
03089,0.028891,0.394946,0.002119,0.330632,0.032190,0.000349,0.210873,trees,0.394946,1.287,0.559,2.662,2.103
03090,0.015079,0.013818,0.000130,0.789359,0.038497,0.000177,0.142941,crops,0.789359,0.645,0.299,7.559,7.260
03091,0.007419,0.246824,0.000037,0.474002,0.039702,0.003236,0.228780,crops,0.474002,1.350,0.619,2.184,1.565
03092,0.022844,0.363339,0.000090,0.320815,0.023291,0.000232,0.269389,trees,0.363339,1.234,0.124,7.819,7.695
03093,0.015557,0.287467,0.000046,0.357740,0.037051,0.000172,0.301967,crops,0.357740,1.080,0.581,2.143,1.562
03094,0.022957,0.137051,0.000516,0.601006,0.030356,0.000685,0.207430,crops,0.601006,0.992,0.423,7.610,7.187
03095,0.024236,0.062761,0.000000,0.411655,0.017586,0.000000,0.483762,rangeland,0.483762,0.995,0.434,7.410,6.977
03096,0.009833,0.002436,0.000005,0.912592,0.031544,0.000016,0.043573,crops,0.912592,0.582,0.319,0.982,0.663
03097,0.000105,0.336510,0.000000,0.210102,0.009468,0.000000,0.443815,rangeland,0.443815,1.221,0.668,1.864,1.197
03098,0.034803,0.027950,0.000376,0.754371,0.070125,0.003211,0.109165,crops,0.754371,0.797,0.296,9.039,8.743
03099,0.011465,0.401241,0.000027,0.369258,0.027043,0.000118,0.190847,trees,0.401241,1.244,0.341,2.011,1.669
03100,0.024921,0.009039,0.000128,0.795954,0.040977,0.000092,0.128889,crops,0.795954,0.684,0.176,7.672,7.495
03101,0.016066,0.350592,0.000064,0.231599,0.017976,0.000349,0.383354,rangeland,0.383354,1.320,0.124,7.819,7.695
03102,0.017744,0.373205,0.000068,0.261074,0.019239,0.000297,0.328374,trees,0.373205,1.303,0.124,7.819,7.695
03103,0.021805,0.181836,0.000562,0.522942,0.027584,0.001385,0.243887,crops,0.522942,1.020,0.202,7.773,7.571
03104,0.003290,0.682218,0.000002,0.043162,0.004666,0.001824,0.264838,trees,0.682218,1.606,0.447,2.599,2.153
03105,0.004152,0.261534,0.000028,0.076692,0.014725,0.000174,0.642696,rangeland,0.642696,1.374,0.613,4.233,3.620
03106,0.046816,0.258189,0.000209,0.127147,0.007585,0.000126,0.559927,rangeland,0.559927,1.228,0.222,2.225,2.003
03107,0.005784,0.640570,0.000102,0.170334,0.007632,0.000917,0.174661,trees,0.640570,1.629,0.625,2.736,2.111
03108,0.015136,0.267379,0.000186,0.288381,0.042095,0.000174,0.386648,rangeland,0.386648,1.111,0.640,2.521,1.881
03109,0.025493,0.003561,0.000043,0.812947,0.042588,0.000053,0.115314,crops,0.812947,0.693,0.176,7.672,7.495
03110,0.010728,0.000268,0.000002,0.903445,0.033298,0.000085,0.052173,crops,0.903445,0.707,0.258,0.987,0.729
04001,0.028709,0.071993,0.000039,0.684881,0.052339,0.000224,0.161816,crops,0.684881,0.836,0.209,8.953,8.745
04002,0.012473,0.012632,0.000280,0.831642,0.048402,0.001729,0.092844,crops,0.831642,0.759,0.528,0.977,0.448
04003,0.027253,0.085464,0.000043,0.598363,0.062112,0.000092,0.226673,crops,0.598363,0.890,0.222,8.953,8.731
04004,0.014774,0.108427,0.000466,0.683683,0.034693,0.000335,0.157622,crops,0.683683,0.837,0.161,8.069,7.908
04005,0.017433,0.049503,0.001240,0.765901,0.040559,0.000003,0.125360,crops,0.765901,0.900,0.338,1.688,1.350
04006,0.013573,0.030006,0.000008,0.843889,0.034076,0.000021,0.078427,crops,0.843889,0.661,0.226,4.091,3.866
04007,0.017093,0.009394,0.000119,0.710522,0.132785,0.001138,0.128948,crops,0.710522,0.745,0.306,1.547,1.241
04008,0.037778,0.057086,0.000012,0.555811,0.122894,0.000365,0.226054,crops,0.555811,0.776,0.187,9.080,8.893
04009,0.023383,0.015991,0.000033,0.795381,0.055520,0.000098,0.109593,crops,0.795381,0.599,0.187,9.080,8.893
04010,0.021895,0.030467,0.000068,0.781847,0.046160,0.000202,0.119360,crops,0.781847,0.663,0.180,9.080,8.900
04011,0.013503,0.000932,0.000045,0.722808,0.023976,0.000522,0.238214,crops,0.722808,0.546,0.263,0.902,0.639
04012,0.010614,0.002525,0.000263,0.746441,0.038272,0.000165,0.201720,crops,0.746441,0.763,0.307,1.155,0.848
04013,0.021561,0.366092,0.000413,0.460086,0.037973,0.000302,0.113573,crops,0.460086,1.409,0.338,8.069,7.731
04014,0.004386,0.853140,0.000000,0.008895,0.012511,0.000607,0.120461,trees,0.853140,2.481,1.200,4.480,3.279
04015,0.040078,0.663196,0.000102,0.157653,0.025906,0.000244,0.112820,trees,0.663196,2.079,0.450,8.069,7.619
04016,0.026964,0.634292,0.000127,0.200002,0.031101,0.000427,0.107087,trees,0.634292,1.888,0.386,8.069,7.683
04017,0.023752,0.050698,0.000096,0.747781,0.043221,0.000179,0.134275,crops,0.747781,0.749,0.180,8.953,8.773
04018,0.007000,0.032308,0.000062,0.677882,0.034151,0.000024,0.248572,crops,0.677882,0.694,0.395,1.466,1.070
04019,0.022429,0.029872,0.000078,0.782659,0.045956,0.000216,0.118790,crops,0.782659,0.663,0.161,9.080,8.919
04020,0.002171,0.869183,0.000006,0.037338,0.009410,0.000234,0.081657,trees,0.869183,2.248,1.064,4.099,3.035
04021,0.040421,0.135655,0.000092,0.426868,0.060109,0.000095,0.336762,crops,0.426868,1.014,0.222,8.953,8.731
04022,0.026141,0.075075,0.000318,0.758936,0.051402,0.000820,0.087308,crops,0.758936,0.944,0.344,2.331,1.987
04023,0.010143,0.107799,0.001381,0.600983,0.037302,0.000376,0.242016,crops,0.600983,0.898,0.421,5.070,4.650
04024,0.007254,0.000039,0.000000,0.946303,0.010329,0.000000,0.036075,crops,0.946303,0.391,0.228,0.649,0.422
04025,0.012386,0.245129,0.000202,0.650397,0.027652,0.000030,0.064205,crops,0.650397,1.179,0.467,7.786,7.319
04026,0.026028,0.101371,0.000035,0.591246,0.067777,0.000140,0.213403,crops,0.591246,0.924,0.222,8.953,8.731
04027,0.058231,0.807213,0.000102,0.011841,0.009706,0.000343,0.112564,trees,0.807213,2.535,0.450,8.069,7.619
04028,0.023279,0.102357,0.000217,0.777040,0.043586,0.000063,0.053458,crops,0.777040,1.047,0.431,2.331,1.899
04029,0.006959,0.842185,0.000002,0.031058,0.016469,0.001053,0.102274,trees,0.842185,2.177,0.836,4.480,3.644
04030,0.010573,0.023935,0.000049,0.739253,0.026942,0.000438,0.198810,crops,0.739253,0.619,0.192,2.896,2.704
04031,0.014452,0.112033,0.000446,0.678270,0.034738,0.000324,0.159737,crops,0.678270,0.843,0.161,8.069,7.908
04032,0.011266,0.176182,0.000031,0.739813,0.037960,0.000034,0.034714,crops,0.739813,1.073,0.422,7.458,7.036
04033,0.051839,0.128355,0.000028,0.244859,0.238445,0.000768,0.335706,rangeland,0.335706,0.949,0.251,9.080,8.829
04034,0.019124,0.077519,0.000037,0.668286,0.045860,0.000074,0.189100,crops,0.668286,0.871,0.222,3.232,3.010
04035,0.008458,0.020892,0.000383,0.861978,0.048485,0.000016,0.059788,crops,0.861978,0.829,0.559,1.488,0.929
04036,0.021793,0.055421,0.000199,0.736352,0.040914,0.000310,0.145011,crops,0.736352,0.723,0.161,9.080,8.919
04037,0.011895,0.000511,0.000007,0.827085,0.050975,0.000027,0.109500,crops,0.827085,0.607,0.295,1.185,0.890
04038,0.040252,0.037359,0.000028,0.650793,0.088984,0.000198,0.182386,crops,0.650793,0.728,0.187,9.080,8.893
04039,0.002157,0.003309,0.000003,0.930318,0.039047,0.000017,0.025150,crops,0.930318,0.593,0.292,1.416,1.124
04040,0.020761,0.193962,0.000317,0.619924,0.037426,0.000238,0.127372,crops,0.619924,1.033,0.161,8.069,7.908
04041,0.032082,0.002505,0.001155,0.905528,0.054643,0.000067,0.004020,crops,0.905528,0.781,0.531,1.346,0.815
04042,0.044487,0.083525,0.000020,0.439236,0.171692,0.000630,0.260411,crops,0.439236,0.839,0.187,9.080,8.893
04043,0.022316,0.029962,0.000079,0.782471,0.045954,0.000213,0.119006,crops,0.782471,0.663,0.161,9.080,8.919
04044,0.052911,0.078193,0.000023,0.431302,0.139270,0.000784,0.297517,crops,0.431302,0.797,0.187,8.908,8.721
04045,0.028615,0.061851,0.000440,0.750781,0.053885,0.000190,0.104239,crops,0.750781,0.903,0.344,2.252,1.908
04046,0.022183,0.052504,0.000219,0.736495,0.045879,0.000514,0.142207,crops,0.736495,0.739,0.161,9.080,8.919
04047,0.024799,0.152859,0.000002,0.596756,0.047596,0.001843,0.176146,crops,0.596756,1.060,0.305,4.339,4.034
04048,0.025236,0.155767,0.000003,0.541371,0.050838,0.000260,0.226525,crops,0.541371,1.082,0.357,7.151,6.794
04049,0.021291,0.026231,0.000000,0.690023,0.062288,0.000034,0.200134,crops,0.690023,0.691,0.201,7.583,7.382
04050,0.013282,0.816254,0.000177,0.063474,0.022731,0.000764,0.083318,trees,0.816254,2.064,0.386,7.913,7.527
04051,0.005343,0.000014,0.000000,0.956142,0.012192,0.000000,0.026309,crops,0.956142,0.385,0.254,0.581,0.327
04052,0.021225,0.055988,0.000204,0.742935,0.041522,0.000292,0.137834,crops,0.742935,0.722,0.161,9.080,8.919
04053,0.005069,0.003777,0.000013,0.902920,0.043567,0.001164,0.043489,crops,0.902920,0.722,0.456,0.942,0.487
04054,0.031113,0.024971,0.000034,0.727939,0.068647,0.000140,0.147155,crops,0.727939,0.652,0.187,9.080,8.893
04055,0.000638,0.000038,0.000000,0.986142,0.011293,0.000000,0.001888,crops,0.986142,0.431,0.254,0.663,0.409
04056,0.023019,0.205500,0.000003,0.493015,0.090804,0.000412,0.187246,crops,0.493015,1.156,0.381,7.329,6.948
04057,0.007583,0.036785,0.000760,0.697995,0.032242,0.000232,0.224403,crops,0.697995,0.642,0.224,5.070,4.847
04058,0.021907,0.217701,0.000254,0.618074,0.034909,0.000208,0.106948,crops,0.618074,1.085,0.161,8.069,7.908
04059,0.036313,0.001590,0.001937,0.843836,0.081128,0.000037,0.035159,crops,0.843836,0.826,0.258,1.457,1.199
04060,0.022186,0.052502,0.000219,0.736476,0.045897,0.000516,0.142205,crops,0.736476,0.739,0.161,9.080,8.919
04061,0.008280,0.000315,0.000000,0.892252,0.036843,0.000007,0.062303,crops,0.892252,0.511,0.242,1.034,0.792
04062,0.021801,0.051775,0.000198,0.734245,0.045223,0.000392,0.146366,crops,0.734245,0.727,0.161,9.080,8.919
04063,0.067233,0.313644,0.000260,0.187586,0.033652,0.000203,0.397422,rangeland,0.397422,1.334,0.277,8.953,8.676
04064,0.020256,0.015840,0.000032,0.804109,0.048986,0.000190,0.110587,crops,0.804109,0.598,0.187,9.080,8.893
05001,0.030563,0.358581,0.000417,0.442527,0.061700,0.000161,0.106051,crops,0.442527,1.290,0.217,4.758,4.541
05002,0.021065,0.278031,0.000720,0.452310,0.078935,0.000160,0.168778,crops,0.452310,1.200,0.217,8.591,8.375
05003,0.015130,0.537457,0.000060,0.339178,0.043977,0.000058,0.064140,trees,0.537457,2.106,0.471,7.698,7.227
05004,0.003904,0.078357,0.000050,0.578741,0.283605,0.000140,0.055202,crops,0.578741,0.745,0.309,4.701,4.392
05005,0.002159,0.255701,0.000002,0.387592,0.055433,0.000083,0.299031,crops,0.387592,1.152,0.525,4.150,3.625
05006,0.029425,0.544380,0.000139,0.285985,0.081310,0.000030,0.058731,trees,0.544380,1.999,0.396,8.591,8.195
05007,0.008398,0.529909,0.000114,0.373722,0.036562,0.000000,0.051294,trees,0.529909,1.623,0.578,7.688,7.110
05008,0.020627,0.294457,0.000518,0.415839,0.086572,0.000192,0.181795,crops,0.415839,1.239,0.217,8.591,8.375
05009,0.009746,0.073927,0.000176,0.381662,0.194519,0.000500,0.339471,crops,0.381662,0.833,0.305,7.553,7.249
05010,0.011905,0.790662,0.000025,0.079093,0.039626,0.000079,0.078610,trees,0.790662,2.807,0.471,7.698,7.227
05011,0.001378,0.222628,0.000001,0.536634,0.103461,0.000032,0.135866,crops,0.536634,1.336,0.525,5.213,4.688
05012,0.016813,0.254290,0.000407,0.461352,0.102894,0.000532,0.163713,crops,0.461352,1.166,0.217,8.591,8.375
05013,0.016284,0.658532,0.000365,0.106613,0.164933,0.000041,0.053231,trees,0.658532,2.770,0.584,8.591,8.007
05014,0.002704,0.169343,0.000004,0.603893,0.082654,0.000347,0.141055,crops,0.603893,1.073,0.372,7.423,7.051
05015,0.011340,0.634699,0.000002,0.084313,0.024169,0.000159,0.245319,trees,0.634699,2.235,0.503,4.937,4.435
05016,0.000940,0.622575,0.000000,0.050614,0.182402,0.000834,0.142635,trees,0.622575,2.414,0.948,4.638,3.690
05017,0.004397,0.791780,0.000004,0.059061,0.039770,0.000137,0.104851,trees,0.791780,2.314,0.854,4.720,3.866
05018,0.019728,0.435068,0.000038,0.234396,0.061959,0.000090,0.248721,trees,0.435068,1.679,0.256,7.104,6.847
05019,0.001433,0.331108,0.000000,0.517942,0.063305,0.000056,0.086156,crops,0.517942,1.203,0.671,3.430,2.758
05020,0.001199,0.236809,0.000000,0.576606,0.056914,0.000000,0.128472,crops,0.576606,1.166,0.449,4.948,4.498
05021,0.009447,0.047640,0.000198,0.400515,0.231496,0.000613,0.310091,crops,0.400515,0.786,0.305,7.553,7.249
05022,0.011527,0.502157,0.000004,0.044731,0.028246,0.000029,0.413305,trees,0.502157,1.837,0.559,7.104,6.545
05023,0.002344,0.129123,0.000000,0.443692,0.306427,0.000915,0.117499,crops,0.443692,0.921,0.419,4.573,4.154
05024,0.030694,0.394583,0.000249,0.451005,0.063485,0.000207,0.059778,crops,0.451005,1.390,0.217,4.758,4.541
05025,0.000750,0.329062,0.000000,0.268275,0.090444,0.000159,0.311310,trees,0.329062,1.349,0.635,4.783,4.149
05026,0.022348,0.205540,0.002947,0.503543,0.075374,0.000227,0.190021,crops,0.503543,0.810,0.386,1.554,1.168
05027,0.022234,0.174707,0.002525,0.517185,0.082071,0.000188,0.201090,crops,0.517185,0.816,0.386,1.554,1.168
05028,0.019109,0.393445,0.000157,0.430525,0.073718,0.000040,0.083007,crops,0.430525,1.535,0.366,8.591,8.225
05029,0.021065,0.288214,0.000602,0.426389,0.082470,0.000174,0.181086,crops,0.426389,1.201,0.217,8.591,8.375
06001,0.010964,0.325699,0.000092,0.496308,0.051843,0.000192,0.114902,crops,0.496308,1.167,0.292,7.837,7.545
06002,0.005550,0.614205,0.000016,0.272519,0.027628,0.000023,0.080059,trees,0.614205,1.910,0.634,7.113,6.479
06003,0.000852,0.644306,0.000000,0.226218,0.012211,0.000000,0.116413,trees,0.644306,1.477,0.685,2.401,1.716
06004,0.022989,0.273062,0.000741,0.413119,0.099244,0.000992,0.189854,crops,0.413119,1.022,0.286,7.712,7.427
06005,0.004265,0.304623,0.000014,0.552608,0.056680,0.000006,0.081803,crops,0.552608,0.846,0.597,2.176,1.579
06006,0.016401,0.317691,0.000353,0.443248,0.077319,0.000524,0.144464,crops,0.443248,1.099,0.286,7.837,7.551
06007,0.009956,0.501052,0.000480,0.353936,0.045687,0.000226,0.088663,trees,0.501052,1.661,0.423,7.113,6.690
06008,0.016688,0.307405,0.000390,0.448719,0.077172,0.000557,0.149068,crops,0.448719,1.098,0.286,7.837,7.551
06009,0.015748,0.328239,0.000316,0.438264,0.072903,0.000864,0.143667,crops,0.438264,1.100,0.286,7.944,7.658
06010,0.011765,0.578816,0.001386,0.267416,0.021710,0.000132,0.118775,trees,0.578816,1.962,0.423,4.945,4.522
06011,0.015631,0.316610,0.000277,0.457887,0.071468,0.003562,0.134565,crops,0.457887,1.068,0.264,7.944,7.680
07001,0.015354,0.676317,0.000632,0.097759,0.016328,0.000078,0.193533,trees,0.676317,1.626,0.517,7.614,7.097
07002,0.008203,0.411703,0.000055,0.391147,0.047340,0.001026,0.140525,trees,0.411703,1.335,0.391,7.798,7.406
07003,0.020693,0.432374,0.000691,0.336413,0.041435,0.002810,0.165583,trees,0.432374,1.191,0.199,7.803,7.605
07004,0.008695,0.366828,0.000841,0.423962,0.046108,0.002069,0.151496,crops,0.423962,1.048,0.245,7.803,7.558
07005,0.004522,0.511978,0.000179,0.217927,0.021394,0.000299,0.243701,trees,0.511978,1.264,0.391,2.333,1.941
07006,0.021228,0.518426,0.000013,0.181295,0.014428,0.000028,0.264582,trees,0.518426,1.458,0.353,3.062,2.709
07007,0.008721,0.396468,0.000797,0.395350,0.042673,0.002198,0.153794,trees,0.396468,1.091,0.245,7.803,7.558
07008,0.006222,0.349918,0.000020,0.454933,0.051423,0.001499,0.135985,crops,0.454933,1.070,0.346,7.671,7.325
07009,0.020758,0.428520,0.000681,0.341201,0.041829,0.003059,0.163952,trees,0.428520,1.187,0.195,7.803,7.609
07010,0.020704,0.428502,0.000722,0.338270,0.041347,0.002383,0.168071,trees,0.428502,1.182,0.245,7.803,7.558
07011,0.006366,0.354699,0.000017,0.451794,0.051311,0.001874,0.133939,crops,0.451794,1.067,0.346,7.671,7.325
07012,0.021613,0.409669,0.000737,0.367781,0.039713,0.002171,0.158317,trees,0.409669,1.132,0.245,7.803,7.558
07013,0.007928,0.392797,0.000061,0.414373,0.049717,0.000291,0.134833,crops,0.414373,1.340,0.391,7.497,7.106
07014,0.020553,0.431492,0.000722,0.339696,0.038042,0.002154,0.167340,trees,0.431492,1.180,0.245,7.803,7.558
07015,0.008771,0.402492,0.000001,0.430469,0.029655,0.001420,0.127193,crops,0.430469,1.079,0.407,7.803,7.396
08001,0.008533,0.236843,0.000030,0.578366,0.040302,0.000020,0.135905,crops,0.578366,1.104,0.512,7.066,6.554
08002,0.002162,0.497884,0.000000,0.197530,0.032875,0.000000,0.269549,trees,0.497884,1.581,0.801,4.146,3.344
08003,0.027753,0.363699,0.000818,0.168530,0.031844,0.003822,0.403535,rangeland,0.403535,1.127,0.144,7.634,7.489
08004,0.033183,0.365123,0.000424,0.144890,0.017029,0.001581,0.437772,rangeland,0.437772,1.123,0.144,7.552,7.408
08005,0.015686,0.643127,0.000959,0.107971,0.011286,0.005835,0.215136,trees,0.643127,1.485,0.335,7.550,7.215
08006,0.026133,0.249513,0.000808,0.419587,0.049319,0.002361,0.252279,crops,0.419587,1.088,0.144,7.728,7.584
08007,0.024926,0.293931,0.000712,0.391776,0.041191,0.002504,0.244960,crops,0.391776,1.140,0.131,8.024,7.892
08008,0.008338,0.239428,0.000005,0.615876,0.053104,0.000701,0.082547,crops,0.615876,0.997,0.536,7.895,7.359
08009,0.027337,0.452236,0.003535,0.234674,0.046422,0.000913,0.234882,trees,0.452236,1.400,0.418,7.634,7.216
08010,0.047867,0.236857,0.001025,0.345562,0.043810,0.000648,0.324231,crops,0.345562,1.094,0.254,2.382,2.128
08011,0.024426,0.177017,0.000854,0.554645,0.060712,0.000249,0.182097,crops,0.554645,1.036,0.173,7.635,7.463
08012,0.025222,0.252820,0.000717,0.420280,0.049129,0.002679,0.249154,crops,0.420280,1.089,0.144,8.024,7.880
08013,0.011128,0.367133,0.000160,0.341219,0.023144,0.001977,0.255240,trees,0.367133,1.319,0.394,7.635,7.241
08014,0.003094,0.623017,0.000000,0.057864,0.012096,0.000109,0.303821,trees,0.623017,1.590,0.643,7.507,6.864
08015,0.015355,0.456849,0.000578,0.175118,0.042549,0.002639,0.306912,trees,0.456849,1.149,0.257,7.908,7.650
08016,0.012088,0.276009,0.000258,0.409947,0.026079,0.001844,0.273775,crops,0.409947,1.208,0.394,7.635,7.241
08017,0.025379,0.281947,0.000739,0.400056,0.041972,0.002411,0.247496,crops,0.400056,1.124,0.131,8.024,7.892
08018,0.009345,0.471838,0.001047,0.425572,0.047551,0.000005,0.044642,trees,0.471838,1.475,0.685,7.094,6.409
08019,0.029662,0.395253,0.000704,0.129004,0.019523,0.002223,0.423631,rangeland,0.423631,1.163,0.144,7.634,7.489
08020,0.032657,0.173877,0.001193,0.412036,0.047818,0.000207,0.332211,crops,0.412036,1.015,0.254,7.000,6.746
08021,0.010809,0.425379,0.000056,0.309156,0.027938,0.002027,0.224635,trees,0.425379,1.179,0.407,8.024,7.617
08022,0.021244,0.611717,0.000015,0.111373,0.013794,0.002120,0.239738,trees,0.611717,1.452,0.335,2.204,1.869
08023,0.008554,0.445832,0.000001,0.133168,0.022782,0.000093,0.389570,trees,0.445832,1.224,0.578,7.478,6.900
08024,0.004946,0.686823,0.000054,0.125783,0.010533,0.000000,0.171860,trees,0.686823,1.624,0.696,3.858,3.162
08025,0.015969,0.179990,0.000330,0.349233,0.031934,0.000436,0.422107,rangeland,0.422107,0.956,0.332,7.590,7.258
08026,0.024551,0.311020,0.000715,0.383198,0.040256,0.002925,0.237335,crops,0.383198,1.167,0.131,8.024,7.892
08027,0.009505,0.482978,0.000052,0.258507,0.028218,0.000345,0.220395,trees,0.482978,1.326,0.492,7.761,7.269
08028,0.021744,0.042526,0.000086,0.703333,0.104273,0.000200,0.127838,crops,0.703333,0.887,0.199,7.154,6.956
08029,0.029124,0.437219,0.000903,0.238403,0.029054,0.004358,0.260939,trees,0.437219,1.296,0.335,7.603,7.268
08030,0.017825,0.270838,0.000220,0.384922,0.035609,0.002185,0.288402,crops,0.384922,1.097,0.457,7.728,7.271
08031,0.015322,0.188762,0.000263,0.344820,0.030823,0.000835,0.419174,rangeland,0.419174,0.977,0.332,7.590,7.258
08032,0.018115,0.193892,0.000320,0.407950,0.038966,0.002452,0.338305,crops,0.407950,1.007,0.457,7.058,6.601
08033,0.024970,0.443632,0.000319,0.232998,0.032143,0.000221,0.265717,trees,0.443632,1.307,0.393,2.258,1.865
08034,0.025512,0.230530,0.000814,0.469362,0.052242,0.001968,0.219572,crops,0.469362,1.083,0.173,7.728,7.555
08035,0.026488,0.136312,0.000649,0.567584,0.065073,0.000186,0.203709,crops,0.567584,0.965,0.173,7.154,6.982
08036,0.007025,0.325842,0.000031,0.442247,0.028841,0.001590,0.194424,crops,0.442247,1.083,0.468,7.866,7.398
08037,0.003737,0.458411,0.000000,0.439818,0.027876,0.000240,0.069918,trees,0.458411,1.296,0.475,7.866,7.391
08038,0.024825,0.301005,0.000708,0.387165,0.040663,0.002664,0.242969,crops,0.387165,1.151,0.131,8.024,7.892
09001,0.017182,0.117676,0.000284,0.560264,0.023734,0.001687,0.279175,crops,0.560264,0.792,0.156,2.074,1.918
09002,0.014066,0.034589,0.000638,0.555720,0.033077,0.001011,0.360898,crops,0.555720,0.647,0.156,7.379,7.223
09003,0.005294,0.081362,0.001506,0.556859,0.020368,0.000539,0.334073,crops,0.556859,0.816,0.412,7.402,6.990
09004,0.001108,0.124387,0.000021,0.316612,0.015663,0.000000,0.542209,rangeland,0.542209,1.166,0.463,7.488,7.024
09005,0.004805,0.009250,0.000037,0.421354,0.028876,0.000622,0.535055,rangeland,0.535055,0.649,0.266,7.379,7.113
09006,0.006706,0.011178,0.001611,0.612008,0.051198,0.000291,0.317009,crops,0.612008,0.668,0.364,1.578,1.215
09007,0.004122,0.057278,0.000040,0.341141,0.037753,0.002601,0.557066,rangeland,0.557066,0.797,0.333,7.544,7.211
09008,0.011742,0.071276,0.000996,0.390885,0.017790,0.000057,0.507255,rangeland,0.507255,1.001,0.170,7.488,7.317
09009,0.016330,0.049316,0.001344,0.502579,0.032465,0.001810,0.396156,crops,0.502579,0.728,0.156,9.005,8.849
09010,0.001505,0.011300,0.000000,0.341306,0.046617,0.000607,0.598665,rangeland,0.598665,0.665,0.391,1.195,0.804
09011,0.016744,0.015384,0.000588,0.476736,0.032980,0.000545,0.457023,crops,0.476736,0.607,0.250,1.494,1.243
09012,0.009569,0.006305,0.001082,0.664029,0.040290,0.000219,0.278507,crops,0.664029,0.569,0.227,1.578,1.352
10001,0.005931,0.006472,0.000013,0.052085,0.043793,0.003716,0.887991,rangeland,0.887991,0.791,0.410,1.432,1.023
10002,0.017235,0.004370,0.000004,0.680558,0.045122,0.000130,0.252581,crops,0.680558,0.666,0.306,1.069,0.763
10003,0.020043,0.001188,0.000000,0.774544,0.031148,0.000014,0.173063,crops,0.774544,0.636,0.183,1.141,0.959
10004,0.016242,0.005624,0.000003,0.676906,0.041265,0.000071,0.259890,crops,0.676906,0.670,0.327,1.069,0.742
10005,0.009965,0.033015,0.000000,0.516389,0.017837,0.000007,0.422787,crops,0.516389,0.880,0.285,1.696,1.411
10006,0.027368,0.012649,0.000221,0.544405,0.046125,0.000675,0.368556,crops,0.544405,0.714,0.177,1.696,1.519
10007,0.008686,0.005904,0.000070,0.138575,0.047274,0.000656,0.798834,rangeland,0.798834,0.757,0.343,1.619,1.276
10008,0.027967,0.017684,0.000252,0.573633,0.053400,0.000609,0.326454,crops,0.573633,0.734,0.177,7.406,7.229
10009,0.034117,0.007839,0.000000,0.687665,0.023985,0.000265,0.246129,crops,0.687665,0.629,0.177,1.150,0.973
10010,0.020677,0.001292,0.000000,0.751324,0.029855,0.000045,0.196806,crops,0.751324,0.628,0.183,1.141,0.959
10011,0.025450,0.017068,0.000239,0.484310,0.038210,0.000919,0.433805,crops,0.484310,0.724,0.177,1.696,1.519
10012,0.041766,0.057493,0.000116,0.585748,0.068721,0.000080,0.246077,crops,0.585748,0.843,0.209,7.406,7.197
10013,0.018044,0.024453,0.001823,0.773813,0.132815,0.000127,0.048927,crops,0.773813,0.737,0.179,1.205,1.025
10014,0.019482,0.023957,0.000329,0.333916,0.047959,0.001122,0.573235,rangeland,0.573235,0.788,0.209,1.696,1.487
10015,0.024889,0.007530,0.000517,0.258845,0.059269,0.001222,0.647726,rangeland,0.647726,0.735,0.209,1.619,1.409
10016,0.028417,0.016152,0.000268,0.558573,0.048851,0.000606,0.347132,crops,0.558573,0.731,0.177,7.406,7.229
11001,0.019644,0.083465,0.000118,0.295372,0.024173,0.002201,0.575026,rangeland,0.575026,0.893,0.270,7.500,7.230
11002,0.022193,0.095480,0.000087,0.193614,0.017778,0.001878,0.668969,rangeland,0.668969,0.923,0.270,7.500,7.230
11003,0.007045,0.250706,0.000000,0.179940,0.024536,0.000089,0.537684,rangeland,0.537684,1.159,0.677,7.500,6.823
11004,0.027830,0.060388,0.000045,0.531208,0.097427,0.000506,0.282596,crops,0.531208,0.813,0.336,7.500,7.164
11005,0.005925,0.110278,0.000011,0.136756,0.010551,0.001029,0.735450,rangeland,0.735450,0.971,0.465,7.329,6.864
11006,0.006157,0.093321,0.000056,0.110535,0.008444,0.001763,0.779724,rangeland,0.779724,0.949,0.443,7.429,6.986
11007,0.022653,0.026265,0.000111,0.725531,0.056272,0.000286,0.168882,crops,0.725531,0.771,0.332,1.327,0.995
11008,0.005492,0.020682,0.000000,0.028298,0.003566,0.000917,0.941045,rangeland,0.941045,0.923,0.443,1.684,1.241
11009,0.020797,0.074974,0.000100,0.362184,0.054698,0.002620,0.484625,rangeland,0.484625,0.859,0.270,7.500,7.230
11010,0.017805,0.042398,0.000121,0.580023,0.080081,0.001793,0.277780,crops,0.580023,0.802,0.189,7.500,7.311
11011,0.033516,0.007086,0.000276,0.674612,0.040748,0.000002,0.243759,crops,0.674612,0.778,0.351,1.077,0.726
12001,0.010133,0.515239,0.000074,0.264471,0.024858,0.000946,0.184279,trees,0.515239,1.400,0.365,2.634,2.268
12002,0.002830,0.010654,0.000000,0.475205,0.014751,0.000000,0.496561,rangeland,0.496561,1.250,0.684,7.480,6.796
12003,0.027681,0.383855,0.000116,0.370667,0.019337,0.000236,0.198108,trees,0.383855,1.216,0.308,7.369,7.061
12004,0.019949,0.265891,0.000114,0.481027,0.027973,0.000196,0.204851,crops,0.481027,1.101,0.308,7.740,7.432
12005,0.009908,0.112001,0.000000,0.323005,0.017844,0.000030,0.537213,rangeland,0.537213,0.888,0.359,1.533,1.174
12006,0.005437,0.040734,0.000000,0.516644,0.014171,0.000007,0.423008,crops,0.516644,0.832,0.383,7.333,6.950
12007,0.008186,0.010511,0.000045,0.747048,0.028677,0.000008,0.205525,crops,0.747048,0.699,0.185,1.269,1.084
12008,0.025988,0.134717,0.000122,0.547973,0.027391,0.000705,0.263103,crops,0.547973,0.952,0.034,8.943,8.909
12009,0.012188,0.076807,0.000063,0.526678,0.078008,0.002746,0.303511,crops,0.526678,0.835,0.313,7.556,7.242
12010,0.002958,0.098253,0.000000,0.447736,0.011165,0.000000,0.439888,crops,0.447736,0.962,0.450,1.904,1.454
12011,0.002428,0.021878,0.000000,0.369022,0.008680,0.000000,0.597992,rangeland,0.597992,1.004,0.535,1.347,0.812
12012,0.002406,0.111162,0.000000,0.306783,0.009272,0.000043,0.570334,rangeland,0.570334,1.181,0.593,7.668,7.075
12013,0.009637,0.020501,0.000000,0.536228,0.028311,0.000051,0.405270,crops,0.536228,0.786,0.417,7.226,6.809
12014,0.008793,0.029742,0.000000,0.641128,0.017871,0.000001,0.302465,crops,0.641128,0.920,0.585,7.572,6.986
12015,0.003430,0.002496,0.000000,0.778942,0.025483,0.000245,0.189404,crops,0.778942,0.698,0.416,1.024,0.608
12016,0.005490,0.346815,0.000018,0.496584,0.023099,0.000084,0.127910,crops,0.496584,1.150,0.514,7.369,6.855
12017,0.009772,0.021633,0.000000,0.624076,0.023537,0.000036,0.320946,crops,0.624076,0.852,0.447,1.451,1.004
12018,0.002879,0.132824,0.000000,0.299120,0.008111,0.000083,0.556984,rangeland,0.556984,1.039,0.509,7.803,7.294
12019,0.002810,0.456606,0.000000,0.363530,0.015062,0.000225,0.161767,trees,0.456606,1.277,0.514,2.673,2.159
12020,0.026674,0.141919,0.000130,0.543674,0.024104,0.000503,0.262996,crops,0.543674,0.963,0.034,8.943,8.909
12021,0.005816,0.398671,0.000016,0.479786,0.028937,0.000176,0.086598,crops,0.479786,1.246,0.651,2.452,1.801
12022,0.002216,0.376923,0.000000,0.450914,0.027925,0.000001,0.142021,crops,0.450914,1.214,0.621,2.211,1.591
12023,0.019952,0.007710,0.000000,0.622839,0.029663,0.000167,0.319670,crops,0.622839,0.730,0.221,1.064,0.843
12024,0.001352,0.445623,0.000005,0.432339,0.014439,0.000097,0.106145,trees,0.445623,1.291,0.533,3.392,2.859
12025,0.017941,0.217111,0.000130,0.498351,0.024630,0.000777,0.241060,crops,0.498351,1.095,0.245,8.943,8.698
12026,0.018968,0.241720,0.000152,0.481531,0.025042,0.000792,0.231795,crops,0.481531,1.101,0.245,8.943,8.698
12027,0.027909,0.187755,0.000122,0.520336,0.024404,0.000675,0.238799,crops,0.520336,1.057,0.034,8.943,8.909
12028,0.005424,0.000490,0.000000,0.775092,0.017934,0.000013,0.201047,crops,0.775092,0.627,0.386,1.136,0.751
12029,0.009461,0.001911,0.000000,0.719620,0.020155,0.000001,0.248851,crops,0.719620,0.688,0.264,1.356,1.091
12030,0.025715,0.272264,0.000000,0.546544,0.012200,0.000000,0.143277,crops,0.546544,1.095,0.490,2.208,1.718
12031,0.004318,0.476818,0.000000,0.393449,0.009733,0.000055,0.115627,trees,0.476818,1.378,0.461,7.334,6.874
12032,0.019644,0.274244,0.000004,0.500419,0.054550,0.000070,0.151069,crops,0.500419,1.186,0.642,7.672,7.030
12033,0.003050,0.140457,0.000000,0.585180,0.018352,0.000000,0.252962,crops,0.585180,0.973,0.609,7.316,6.707
12034,0.010495,0.406466,0.000022,0.383977,0.018957,0.000275,0.179809,trees,0.406466,1.241,0.365,7.369,7.003
12035,0.026611,0.169973,0.000156,0.529697,0.023931,0.000588,0.249045,crops,0.529697,1.019,0.034,8.943,8.909
12036,0.011220,0.302922,0.000013,0.492095,0.019426,0.000043,0.174281,crops,0.492095,1.087,0.392,7.369,6.976
12037,0.003683,0.415457,0.000000,0.091147,0.007580,0.000121,0.482011,rangeland,0.482011,1.389,0.599,7.897,7.297
12038,0.007116,0.463454,0.000000,0.339754,0.010218,0.000087,0.179370,trees,0.463454,1.316,0.454,2.752,2.298
12039,0.027740,0.184771,0.000170,0.510316,0.023885,0.000636,0.252482,crops,0.510316,1.048,0.034,8.943,8.909
12040,0.010862,0.422530,0.000073,0.373554,0.033470,0.001055,0.158456,trees,0.422530,1.286,0.365,2.528,2.163
12041,0.003634,0.365068,0.000000,0.247726,0.007411,0.003322,0.372839,rangeland,0.372839,1.263,0.573,7.869,7.295
12042,0.001664,0.700455,0.000000,0.217321,0.004258,0.000000,0.076303,trees,0.700455,1.574,0.607,2.469,1.862
12043,0.008901,0.158982,0.000289,0.645477,0.056715,0.000254,0.129383,crops,0.645477,1.040,0.353,7.740,7.387
12044,0.011820,0.002496,0.000000,0.610675,0.012764,0.000015,0.362230,crops,0.610675,0.555,0.310,1.220,0.910
12045,0.022164,0.072322,0.000000,0.445815,0.033300,0.000035,0.426364,crops,0.445815,0.973,0.377,7.574,7.197
12046,0.016989,0.238012,0.000091,0.495256,0.026057,0.000438,0.223157,crops,0.495256,1.078,0.308,7.869,7.561
12047,0.007871,0.002164,0.000000,0.698760,0.019674,0.000001,0.271530,crops,0.698760,0.688,0.319,1.356,1.037
12048,0.010704,0.126346,0.000000,0.690739,0.046821,0.000020,0.125370,crops,0.690739,1.059,0.436,7.569,7.134
12049,0.012823,0.376756,0.002043,0.283106,0.024096,0.000572,0.300603,trees,0.376756,1.309,0.426,7.690,7.265
12050,0.029805,0.377566,0.000639,0.261884,0.018754,0.000281,0.311070,trees,0.377566,1.285,0.245,8.943,8.698
12051,0.010647,0.000216,0.000000,0.842322,0.022833,0.000000,0.123982,crops,0.842322,0.649,0.352,1.130,0.777
12052,0.042715,0.012899,0.000000,0.611026,0.016425,0.000022,0.316913,crops,0.611026,0.796,0.356,1.266,0.910
13001,0.021693,0.000557,0.000000,0.828872,0.016756,0.000000,0.132123,crops,0.828872,0.516,0.232,0.837,0.604
13002,0.018487,0.003474,0.000000,0.701162,0.032476,0.000000,0.244401,crops,0.701162,0.715,0.360,1.253,0.892
13003,0.010299,0.035739,0.000149,0.616543,0.024028,0.000057,0.313185,crops,0.616543,0.867,0.271,8.944,8.673
13004,0.008448,0.089901,0.000000,0.357197,0.012012,0.000036,0.532406,rangeland,0.532406,1.061,0.380,7.643,7.263
13005,0.021184,0.004523,0.000000,0.724503,0.040641,0.000061,0.209089,crops,0.724503,0.683,0.196,7.105,6.910
13006,0.007816,0.111434,0.000000,0.353056,0.010832,0.000042,0.516821,rangeland,0.516821,1.113,0.437,7.643,7.206
13007,0.021508,0.022407,0.000076,0.658167,0.028850,0.000100,0.268893,crops,0.658167,0.790,0.196,8.944,8.748
13008,0.014058,0.023669,0.000090,0.660073,0.028474,0.000099,0.273538,crops,0.660073,0.799,0.196,8.944,8.748
13009,0.022993,0.007292,0.000000,0.697682,0.052565,0.000064,0.219403,crops,0.697682,0.675,0.196,7.105,6.910
13010,0.008857,0.015934,0.000021,0.778531,0.032335,0.000074,0.164248,crops,0.778531,0.784,0.271,7.598,7.327
13011,0.010003,0.035978,0.000150,0.615534,0.023350,0.000037,0.314947,crops,0.615534,0.868,0.271,8.944,8.673
13012,0.006880,0.012358,0.000034,0.792006,0.037657,0.000071,0.150994,crops,0.792006,0.783,0.345,7.557,7.213
13013,0.017457,0.002643,0.000008,0.683229,0.026986,0.000098,0.269579,crops,0.683229,0.624,0.280,1.509,1.229
13014,0.008417,0.098635,0.000000,0.355297,0.010952,0.000040,0.526660,rangeland,0.526660,1.089,0.405,7.643,7.238
13015,0.001889,0.036718,0.000000,0.636071,0.022375,0.000001,0.302946,crops,0.636071,0.948,0.570,7.362,6.792
13016,0.014192,0.022215,0.000084,0.665897,0.028058,0.000099,0.269454,crops,0.665897,0.786,0.196,8.944,8.748
13017,0.013700,0.026854,0.000105,0.655486,0.028454,0.000068,0.275334,crops,0.655486,0.820,0.196,8.944,8.748
13018,0.015534,0.000127,0.000000,0.640570,0.018904,0.000067,0.324798,crops,0.640570,0.525,0.198,0.830,0.632
13019,0.016857,0.000463,0.000000,0.759294,0.018785,0.000084,0.204517,crops,0.759294,0.526,0.227,1.423,1.197
13020,0.009108,0.000789,0.000000,0.582577,0.019900,0.000041,0.387584,crops,0.582577,0.625,0.296,0.890,0.594
13021,0.021692,0.022313,0.000083,0.658106,0.030089,0.000103,0.267613,crops,0.658106,0.790,0.196,8.944,8.748
13022,0.011330,0.000754,0.000000,0.852089,0.029386,0.000000,0.106441,crops,0.852089,0.715,0.353,1.172,0.819
13023,0.016424,0.005194,0.000000,0.820989,0.025736,0.000007,0.131649,crops,0.820989,0.783,0.437,6.991,6.554
13024,0.021437,0.020627,0.000076,0.660058,0.028198,0.000089,0.269515,crops,0.660058,0.785,0.196,8.944,8.748
13025,0.009461,0.012233,0.000023,0.751954,0.029567,0.000047,0.196714,crops,0.751954,0.776,0.271,7.710,7.440
14001,0.012345,0.282747,0.000000,0.216305,0.068547,0.000463,0.419593,rangeland,0.419593,1.234,0.484,7.579,7.096
14002,0.007020,0.604957,0.000000,0.053428,0.020783,0.000113,0.313698,trees,0.604957,1.580,0.716,7.131,6.416
14003,0.034203,0.149418,0.000072,0.205359,0.020894,0.000049,0.590006,rangeland,0.590006,1.068,0.243,7.645,7.402
14004,0.010652,0.208078,0.000000,0.222029,0.040690,0.000029,0.518521,rangeland,0.518521,1.335,0.552,7.684,7.132
14005,0.003632,0.891401,0.000000,0.005543,0.008087,0.000021,0.091317,trees,0.891401,2.631,0.659,4.501,3.842
14006,0.030959,0.085980,0.000000,0.263299,0.011068,0.000012,0.608682,rangeland,0.608682,0.912,0.209,7.391,7.182
14007,0.005245,0.363750,0.000000,0.049376,0.020139,0.000122,0.561369,rangeland,0.561369,1.295,0.595,7.432,6.837
14008,0.009224,0.173447,0.000000,0.317383,0.026560,0.000059,0.473326,rangeland,0.473326,1.191,0.563,7.616,7.053
14009,0.005467,0.254777,0.000047,0.039697,0.029364,0.000130,0.670519,rangeland,0.670519,1.248,0.630,1.867,1.237
14010,0.009657,0.500118,0.000000,0.039353,0.042725,0.000029,0.408119,trees,0.500118,1.579,0.842,4.293,3.451
14011,0.010068,0.325389,0.000000,0.110786,0.028582,0.000161,0.525013,rangeland,0.525013,1.293,0.764,1.856,1.092
14012,0.011282,0.060904,0.000000,0.314725,0.014405,0.000003,0.598680,rangeland,0.598680,0.867,0.463,7.155,6.692
14013,0.004425,0.628842,0.000000,0.004496,0.024324,0.000006,0.337907,trees,0.628842,1.654,0.702,4.483,3.781
14014,0.008638,0.085834,0.000000,0.245296,0.009493,0.000031,0.650708,rangeland,0.650708,0.939,0.569,7.391,6.822
14015,0.051512,0.289665,0.000000,0.074316,0.026679,0.000081,0.557747,rangeland,0.557747,1.251,0.707,7.309,6.602
14016,0.028841,0.100004,0.000000,0.281641,0.024553,0.000014,0.564948,rangeland,0.564948,0.926,0.209,7.391,7.182
14017,0.029013,0.104774,0.000000,0.279605,0.040642,0.000018,0.545949,rangeland,0.545949,0.931,0.209,7.391,7.182
15001,0.005926,0.876089,0.000230,0.008677,0.039288,0.000184,0.069606,trees,0.876089,2.149,1.070,4.739,3.669
15002,0.000927,0.918774,0.000000,0.000518,0.037676,0.000009,0.042096,trees,0.918774,2.209,0.997,4.705,3.708
15003,0.012577,0.668166,0.000000,0.119115,0.046014,0.000194,0.153934,trees,0.668166,1.705,0.578,9.192,8.614
15004,0.000328,0.666844,0.000000,0.012454,0.299911,0.000178,0.020285,trees,0.666844,3.317,1.587,4.805,3.219
15005,0.034310,0.768655,0.000410,0.008694,0.047346,0.000400,0.140185,trees,0.768655,2.986,0.802,4.541,3.739
15006,0.003048,0.865098,0.000000,0.003074,0.011920,0.000002,0.116857,trees,0.865098,3.153,1.408,4.666,3.258
15007,0.001532,0.800878,0.000000,0.005168,0.174035,0.000100,0.018288,trees,0.800878,3.493,1.170,4.830,3.659
15008,0.006707,0.893142,0.000066,0.001672,0.028035,0.000131,0.070247,trees,0.893142,2.970,0.931,4.849,3.918
15009,0.003894,0.953224,0.000000,0.000118,0.018543,0.000022,0.024199,trees,0.953224,3.633,1.211,4.857,3.646
15010,0.085877,0.795473,0.003474,0.005267,0.008224,0.000951,0.100734,trees,0.795473,2.357,0.518,4.569,4.051
15011,0.002645,0.774747,0.000000,0.011402,0.135462,0.000008,0.075736,trees,0.774747,3.899,1.260,4.866,3.606
15012,0.004463,0.736801,0.000000,0.017435,0.187916,0.000178,0.053207,trees,0.736801,3.738,0.935,4.740,3.806
15013,0.003777,0.647864,0.000000,0.019288,0.298909,0.000067,0.030096,trees,0.647864,2.576,0.808,4.934,4.126
15014,0.001913,0.743493,0.000000,0.007383,0.180604,0.000062,0.066545,trees,0.743493,3.703,0.926,4.864,3.938
15015,0.011889,0.437059,0.000000,0.284533,0.168629,0.000020,0.097869,trees,0.437059,1.609,0.685,4.698,4.012
15016,0.013329,0.495338,0.000017,0.227301,0.191359,0.001222,0.071434,trees,0.495338,1.624,0.252,9.192,8.941
15017,0.004722,0.822510,0.000000,0.008866,0.093704,0.000400,0.069799,trees,0.822510,3.059,0.739,5.178,4.439
15018,0.043030,0.684963,0.008914,0.017849,0.135695,0.000083,0.109467,trees,0.684963,3.171,0.553,5.076,4.523
15019,0.014296,0.821737,0.000189,0.006477,0.086105,0.000203,0.070992,trees,0.821737,3.733,1.132,4.773,3.642
15020,0.014881,0.479397,0.000014,0.274675,0.149233,0.000382,0.081417,trees,0.479397,1.322,0.252,9.192,8.941
15021,0.029669,0.720176,0.001630,0.005732,0.069166,0.000058,0.173569,trees,0.720176,3.319,0.691,7.576,6.885
15022,0.016619,0.777879,0.002667,0.005572,0.131624,0.000187,0.065452,trees,0.777879,3.451,0.834,4.908,4.074
15023,0.007016,0.872650,0.000000,0.005125,0.068300,0.000134,0.046776,trees,0.872650,3.598,1.230,4.926,3.696
15024,0.009605,0.726864,0.000010,0.047483,0.168033,0.000081,0.047924,trees,0.726864,2.568,0.593,5.052,4.460
15025,0.002133,0.933594,0.000000,0.000059,0.004921,0.000009,0.059284,trees,0.933594,3.738,1.166,4.843,3.676
15026,0.010008,0.602440,0.000419,0.032087,0.297827,0.000031,0.057188,trees,0.602440,3.409,0.709,4.866,4.158
15027,0.071921,0.734613,0.020570,0.010766,0.039746,0.000032,0.122351,trees,0.734613,3.343,0.553,5.076,4.523
15028,0.026394,0.743631,0.000428,0.024195,0.047882,0.000172,0.157297,trees,0.743631,3.207,1.134,5.067,3.933
15029,0.000573,0.933335,0.000000,0.002257,0.056458,0.000000,0.007377,trees,0.933335,3.727,2.227,4.848,2.621
15030,0.002029,0.735559,0.000000,0.005111,0.158640,0.000285,0.098375,trees,0.735559,3.724,0.986,4.925,3.939
15031,0.028151,0.804465,0.000102,0.002799,0.018186,0.000000,0.146297,trees,0.804465,3.356,1.119,7.576,6.457
15032,0.002607,0.891924,0.000000,0.006631,0.038872,0.000013,0.059953,trees,0.891924,2.742,1.422,4.628,3.206
16001,0.009543,0.477492,0.003161,0.281309,0.027498,0.000254,0.200743,trees,0.477492,1.618,0.618,7.825,7.207
16002,0.008360,0.549136,0.000505,0.157046,0.013646,0.001035,0.270272,trees,0.549136,1.663,0.548,4.372,3.823
16003,0.003849,0.580809,0.000000,0.129147,0.008913,0.000420,0.276861,trees,0.580809,1.755,0.571,4.372,3.801
16004,0.007303,0.573471,0.000145,0.110252,0.010150,0.000571,0.298107,trees,0.573471,1.719,0.548,4.372,3.823
16005,0.002611,0.485599,0.000000,0.113022,0.010751,0.000084,0.387933,trees,0.485599,1.598,0.664,3.830,3.166
16006,0.002036,0.533134,0.000139,0.109450,0.004380,0.000000,0.350862,trees,0.533134,1.675,0.736,2.444,1.709
16007,0.007886,0.561439,0.000130,0.125542,0.011080,0.001069,0.292854,trees,0.561439,1.692,0.548,4.372,3.823
16008,0.002919,0.455061,0.000000,0.332058,0.018244,0.000324,0.191394,trees,0.455061,1.590,0.571,3.940,3.369
16009,0.000647,0.503391,0.000000,0.119788,0.011640,0.000000,0.364534,trees,0.503391,1.720,0.835,3.455,2.620
16010,0.006924,0.084701,0.000099,0.477291,0.020635,0.000109,0.410241,crops,0.477291,0.933,0.381,7.792,7.411
16011,0.000219,0.511674,0.000000,0.103067,0.016736,0.000000,0.368304,trees,0.511674,1.678,0.856,2.167,1.311
16012,0.011894,0.536988,0.001165,0.293831,0.027479,0.000508,0.128134,trees,0.536988,1.563,0.595,7.557,6.962
16013,0.006815,0.710356,0.001548,0.107396,0.012642,0.000012,0.161232,trees,0.710356,1.834,0.647,7.263,6.616
16014,0.011816,0.387017,0.001694,0.323728,0.020601,0.001046,0.254098,trees,0.387017,1.371,0.278,3.830,3.552
16015,0.001962,0.037837,0.000006,0.620084,0.025970,0.000325,0.313816,crops,0.620084,0.783,0.435,1.858,1.423
17001,0.000240,0.400223,0.000000,0.203708,0.016355,0.000041,0.379432,trees,0.400223,1.711,0.512,4.828,4.317
17002,0.002954,0.139623,0.000090,0.477649,0.096585,0.000811,0.282287,crops,0.477649,0.886,0.439,7.690,7.252
17003,0.004282,0.040242,0.000086,0.555079,0.095488,0.000747,0.304076,crops,0.555079,0.740,0.448,7.513,7.065
17004,0.001803,0.028767,0.000000,0.589365,0.080807,0.000070,0.299188,crops,0.589365,0.775,0.513,1.189,0.676
17005,0.005734,0.140568,0.000886,0.528798,0.091356,0.001066,0.231593,crops,0.528798,0.925,0.387,7.690,7.303
17006,0.006334,0.060270,0.000400,0.481072,0.235889,0.002425,0.213610,crops,0.481072,0.736,0.239,1.752,1.513
17007,0.005023,0.135780,0.000096,0.612419,0.091453,0.000154,0.155073,crops,0.612419,0.883,0.313,8.034,7.721
17008,0.000010,0.332900,0.000000,0.373253,0.027649,0.000000,0.266188,crops,0.373253,1.435,0.836,2.524,1.688
17009,0.002797,0.171212,0.000125,0.624735,0.064506,0.000826,0.135799,crops,0.624735,1.040,0.435,7.325,6.889
17010,0.009256,0.042904,0.000107,0.808029,0.114993,0.000000,0.024710,crops,0.808029,0.806,0.644,2.237,1.593
17011,0.015928,0.185397,0.000036,0.564966,0.082243,0.000294,0.151136,crops,0.564966,1.142,0.339,4.852,4.514
17012,0.017376,0.225808,0.001011,0.357660,0.062993,0.002680,0.332473,crops,0.357660,1.125,0.418,7.673,7.255
17013,0.003531,0.130728,0.000016,0.450759,0.076195,0.000420,0.338350,crops,0.450759,0.888,0.570,7.426,6.856
17014,0.026202,0.302168,0.000260,0.406564,0.021901,0.000378,0.242526,crops,0.406564,1.205,0.395,7.435,7.039
17015,0.005772,0.288377,0.000075,0.408172,0.072676,0.000780,0.224148,crops,0.408172,1.345,0.349,5.149,4.801
17016,0.001686,0.008438,0.000000,0.805426,0.082845,0.000954,0.100650,crops,0.805426,0.888,0.574,1.384,0.810
17017,0.010249,0.240682,0.002432,0.467712,0.056629,0.001722,0.220573,crops,0.467712,1.051,0.502,4.501,3.999
17018,0.007048,0.035667,0.000541,0.461340,0.316204,0.004718,0.174482,crops,0.461340,0.692,0.239,1.512,1.273
17019,0.003089,0.347014,0.000021,0.376144,0.054565,0.000026,0.219141,crops,0.376144,1.491,0.448,4.788,4.340
17020,0.003951,0.002788,0.000000,0.759748,0.064041,0.000109,0.169364,crops,0.759748,0.806,0.552,1.214,0.661
17021,0.003260,0.114242,0.000021,0.484908,0.078028,0.000610,0.318931,crops,0.484908,0.870,0.528,7.426,6.898
17022,0.005507,0.150185,0.000177,0.465241,0.181401,0.001119,0.196369,crops,0.465241,0.914,0.239,7.552,7.313
17023,0.012224,0.277147,0.000038,0.258203,0.070479,0.000586,0.381323,rangeland,0.381323,1.224,0.418,7.673,7.255
17024,0.005447,0.135400,0.000175,0.502966,0.168728,0.001141,0.186142,crops,0.502966,0.904,0.239,7.552,7.313
17025,0.002190,0.329492,0.000005,0.485748,0.040643,0.000114,0.141808,crops,0.485748,1.364,0.524,7.325,6.801
