gauge_id,cwc_lat,cwc_lon,ghi_lat,ghi_lon,elev_mean,elev_median,elev_min,elev_max,slope_mean,slope_median,slope_min,slope_max,cwc_area,ghi_area,gauge_elevation,dpsbar
3001,18.3861,80.3917,18.38958,80.39792,206.6151453,194,80,483,5.930142901,3.200294733,0,69.85681152,1537,1633,96,4.150682917
3002,19.2967,81.7889,19.29786,81.78958,622.653992,625,535,783,3.028556683,2.68021369,0,39.35842133,1968,1931.8,541,2.54963375
3003,20.7783,79.8514,20.7771,79.85207,281.7123208,268,216,712,3.269896244,1.622219443,0,65.85194397,2150,2481.4,221,2.342870004
3004,20.0336,76.9583,20.03544,76.95623,574.1289674,563,488,740,2.160027476,1.622219443,0,19.44652748,2900,2766.1,490,2.475454319
3005,19.6867,79.7856,19.68537,79.78542,404.3925749,338,144,1204,3.946640423,2.074370861,0,116.3840637,50990,51469.4,146,4.225263319
3006,22.3244,79.4678,22.32293,79.46876,618.8833245,615,527,844,2.462561835,1.738614082,0,57.66114807,1200,1081.4,529,3.468341467
3007,21.8053,80.175,21.79793,80.17704,529.0504612,531,286,1028,4.47286575,2.458771706,0,73.57512665,8100,8601.5,305,5.01116739
3008,19.8139,79.3794,19.81458,79.38126,364.6207389,344,106,946,3.274947583,1.779052377,0,108.7554245,46020,46334.2,161,3.437317544
3009,18.705,77.545,18.71038,77.54375,493.5038492,498,353,668,3.499383645,2.666912317,0,29.10052299,2105,2117.2,355,4.176664222
3010,17.6681,80.8772,17.66874,80.87709,433.2507064,426,25,1528,4.112398658,2.004624128,0,156.9631348,280505,277518.1,34,4.228037822
3011,19.0989,77.9606,19.0979,77.96043,431.226718,438,347,542,3.765020508,2.400221109,0,34.54294968,1500,707.5,350,3.411688175
3012,21.15,79.6672,21.15208,79.66874,441.2709865,409,238,1028,4.334463272,2.207262754,0,116.3840637,20435,20929.3,239,4.743199403
3013,19.3303,79.5042,19.33125,79.50625,375.99271,384,160,656,8.145506079,4.588329315,0,70.93083954,3100,3182,168,8.120645244
3014,21.1072,78.1331,21.10625,78.13544,470.677791,434,287,946,4.402450513,2.301902294,0,108.7554245,5000,4983.6,306,5.187127927
3015,21.6978,78.8592,21.6979,78.8604,522.7416166,531,341,671,7.795798624,5.439455032,0,44.19235229,325,527,347,11.856662
3016,21.2658,79.1692,21.26461,79.17292,609.1720045,623,244,1204,5.499334552,3.415314198,0,65.44865417,10700,10112.1,276,6.612735224
3017,19.6464,81.4861,19.64793,81.48539,650.2287689,637,570,843,4.763498273,3.461853504,0,52.77690506,890,1026.2,583,3.81918252
3018,19.0794,81.3011,19.08125,81.30207,644.8308084,617,327,1381,6.741576508,3.336306095,0,92.39456177,17270,17995.6,329,4.916892403
3019,18.5622,77.5831,18.56041,77.58123,500.7325705,503,357,688,3.77639872,2.828687668,0,32.14984512,1900,1922.9,361,4.906524009
3020,19.2203,76.3633,19.21867,76.36458,577.5161957,553,385,1528,4.015958201,1.686703444,0,156.9631348,30840,30771.2,387,4.78567691
3021,19.8061,73.7467,19.80205,73.74374,651.7159625,608,563,1386,11.1163868,5.472046375,0,105.0995255,404,389.3,562,8.816705067
3022,16.9383,81.7825,16.95626,81.75208,434.1583615,423,-25,1664,4.911036134,2.133529902,0,156.9631348,311150,308433.8,7,4.872678802
3023,17.8372,80.8861,17.83533,80.88126,433.9983336,427,25,1528,4.111503626,2.004624128,0,156.9631348,279745,276883.2,53,4.227262829
3024,18.8289,78.4367,18.82708,78.43542,429.5074944,409,314,667,3.422843514,1.968824387,0,45.60498047,1360,1426.7,318,4.278484476
3025,18.9789,76.7547,18.98124,76.7562,567.6996533,545,364,1528,3.933443064,1.686703444,0,156.9631348,33934,33746.2,368,4.756863563
3026,20.04,73.6794,20.03541,73.68125,702.2433441,705,579,1116,7.597974936,4.565018654,0,82.7000885,357.4,362,599,7.837797677
3027,18.4461,79.7039,18.44788,79.70627,211.9027185,207,154,493,3.084473487,1.52037394,0,73.2321167,782,802,157,2.07182341
3028,19.9472,79.0892,19.94791,79.08959,336.4648941,309,118,946,2.84445725,1.600147367,0,108.7554245,21429,19925.2,173,3.358350356
3029,19.0217,76.7292,19.02292,76.73124,568.8862464,546,364,1528,3.951173212,1.686703444,0,156.9631348,33934,33497.3,374,4.777294299
3030,20.5472,78.3247,20.54791,78.32295,394.5460203,366,232,946,3.247171636,1.738614082,0,108.7554245,10240,10292.8,237,3.912982292
3031,19.1081,82.0228,19.11041,82.02286,696.9948081,622,532,1381,8.794801201,3.578038216,0,92.39456177,7380,7339.7,538,5.208365232
3032,19.4872,75.3711,19.48542,75.3729,603.6541424,577,432,1528,4.302300912,1.707657099,0,156.9631348,22410,22229.9,454,5.114212755
3033,18.4531,82.5461,18.45624,82.54791,1040.803649,1017,827,1664,20.32379307,18.1232338,0,100.9295044,1963,1981.5,828,10.56984605
3034,18.8111,78.0653,18.81041,78.06876,418.9641907,404,344,628,3.223474731,1.686703444,0,40.86645889,578,609.5,345,3.462489619
3035,18.9492,82.4056,18.94794,82.40623,853.3526479,888,548,1655,12.6868122,7.62988615,0,108.2779541,1468,2541.8,549,6.828147998
3036,18.8139,79.9189,18.81461,79.91459,434.2800878,430,72,1528,3.42208133,1.789019108,0,156.9631348,226970,224775.6,97,3.846902838
3037,19.7817,78.7619,19.77709,78.76458,412.4638034,410,191,740,3.700641323,2.004624128,0,64.86959076,21741,22379.5,210,3.593135798
3038,19.9611,77.1481,19.96041,77.14791,562.8214101,550,468,740,2.0887937,1.622219443,0,19.44652748,3515,3519.2,470,2.525515799
3039,20.4417,78.5936,20.43125,78.59376,386.824687,360,210,946,3.205564192,1.738614082,0,108.7554245,11438,11008.9,227,3.855210925
3040,22.3819,79.9,22.38124,79.89793,611.5832207,605,430,1028,4.253159706,2.451529264,0,59.14565659,2970,3059.2,442,4.900251163
3041,18.2967,81.5725,18.2979,81.57293,411.367223,352,160,1197,7.092174886,3.887659311,0,74.72900391,766,781.6,169,9.217554665
3042,19.6397,81.54,19.63961,81.54379,634.9989325,633,569,838,3.090513936,2.458771706,0,49.44659424,910,1553.1,576,2.541541403
3043,17.4875,81.3875,17.48542,81.3854,436.1068997,425,11,1664,4.773591943,2.108379364,0,156.9631348,305460,304628.7,83,4.78890407
3044,21.9036,79.2322,21.89792,79.23127,729.0189847,704,544,1204,5.026931404,3.296090961,0,59.39645386,2000,3267.8,556,6.441359451
3045,17.7989,81.3928,17.79779,81.39374,563.6983117,557,34,1664,12.76588259,6.248775005,0,141.7036743,19550,20333.8,36,10.63455307
3046,19.8783,74.4819,19.87704,74.4812,631.4224184,615,484,1528,4.360153379,1.789019108,0,156.9631348,6840,7063.7,493,5.617190628
3047,19.2772,82.2333,19.27711,82.23542,617.5735212,610,549,929,3.362185956,2.458771706,0,65.47418976,1635,1674.8,553,2.686543824
3048,21.8842,80.175,21.8854,80.17707,533.1835456,533,291,1028,4.506841448,2.515959978,0,73.57512665,8070,8432.2,291,5.08582885
3049,17.5731,81.25,17.56875,81.24792,428.8155115,421,17,1528,4.152935959,2.03105998,0,156.9631348,284880,282524.5,30,4.2444945
3050,18.1992,82.6503,18.19791,82.65208,1092.741328,1082,862,1623,23.18320936,21.76844215,0,93.47480011,713,724.1,869,12.45465871
3051,19.9367,74.9856,19.93527,74.98541,625.7096629,608,503,951,4.130784075,1.707657099,0,84.45021057,1330,1231.2,509,3.805680174
3052,21.5847,78.8561,21.58543,78.86037,512.1883,494,324,811,5.984087598,4.118631363,0,43.92235184,1625,1084.8,328,7.535465643
3053,19.7961,77.7706,19.79792,77.77292,433.989987,441,270,572,5.171920159,2.537073374,0,48.32486343,2600,1574.1,285,5.522557833
3054,21.4786,79.9256,21.48124,79.91873,460.0629875,454,255,1028,4.534718614,2.362890244,0,116.3840637,15600,18509,271,5.033441589
3055,18.8358,79.4447,18.83542,79.44792,518.0094385,521,124,1528,3.206468379,1.738614082,0,156.9631348,102900,101456.2,127,3.791222333
3056,20.1889,77.9869,20.18962,77.98538,395.478865,392,284,570,2.807563656,2.004624128,0,29.94551849,2500,2187.4,288,3.008478088
3057,19.2989,80.6892,19.29779,80.68958,597.9588149,601,232,1381,7.275514278,3.602800131,0,141.7273865,24210,24041.7,234,5.37025309
3058,21.1492,79.3911,21.14792,79.38538,578.3383663,594,206,1204,5.113638038,3.06984663,0,65.44865417,11600,11464.5,263,6.137121855
3059,19.8644,79.125,19.86459,79.12292,403.2046227,403,135,740,3.749371925,2.004624128,0,64.86959076,22441,23918.8,180,3.650072567
3060,18.4189,79.5572,18.41875,79.55625,416.3005788,434,174,664,2.384708074,1.686703444,0,99.94126892,8010,8449.6,177,3.932434402
3061,20.4256,78.88,20.42708,78.88123,240.5306332,239,204,386,1.341633331,1.192679405,0,47.74071121,2100,719.2,211,1.612664522
3062,22.425,80.0919,22.42291,80.09375,514.3511907,512,421,739,3.467495929,2.301902294,0,52.58384323,1050,1156.1,426,3.625009129
3063,19.1417,77.3203,19.14377,77.31874,549.7023064,534,343,1528,3.509876388,1.622219443,0,156.9631348,52038,51865.3,345,4.138952382
3064,20.5256,78.8089,20.52707,78.81039,311.3618006,287,198,604,3.0987321,1.738614082,0,50.5518837,4580,4585.7,205,3.355240838
3065,20.0019,73.8033,20.00209,73.80208,678.8151184,680,556,1116,6.399313564,3.70499301,0,83.15721893,650,646.9,561,7.201012832
3066,18.2167,77.9406,18.21042,77.92708,602.1815775,608,399,844,1.96709578,1.686703444,0,44.93766785,22650,22342,432,2.706610168
3067,20.0094,74.1322,20.01459,74.13961,652.2927775,637,511,1528,5.61832481,2.564954042,0,156.9631348,4650,4380.5,532,6.405497783
3068,19.1975,82.5119,19.19789,82.51038,797.434246,820,550,1381,14.73772118,11.32103443,0,92.39456177,3545,3661.3,559,7.94759027
3069,19.5344,74.8339,19.53543,74.83542,677.9642277,652,472,1528,7.632852092,3.336306095,0,133.1881714,5800,5581.8,476,8.118164944
3070,20.1253,79,20.12708,79.00209,341.5822336,314,174,946,2.890658098,1.611221194,0,108.7554245,20829,19157.9,179,3.440519268
3071,18.8525,80.3494,18.84795,80.34787,511.0164068,556,88,1381,7.27582219,3.587963581,0,141.7273865,40000,38979.8,110,5.563897221
3072,20.7931,79.6483,20.79378,79.65204,468.3029417,441,172,1204,4.328535854,2.270793915,0,116.3840637,35520,35991.5,220,4.890238699
3073,18.5872,80.3958,18.58542,80.39375,442.1184399,436,70,1528,4.016613144,1.968824387,0,156.9631348,268200,267340.4,73,4.128463358
3074,19.8175,78.5778,19.81459,78.57708,426.1884199,422,196,740,3.582409309,1.968824387,0,64.86959076,18441,19662.7,204,3.424198559
3075,17.2519,81.6564,17.25215,81.66043,435.9732298,425,10,1664,4.900445601,2.133529902,0,156.9631348,307800,306683.6,14,4.870795457
3076,18.1894,81.7981,18.18957,81.79791,250.5249929,203,128,1021,9.527590105,3.244438887,0,138.817337,1120,1175.1,133,7.63783968
3077,19.5222,74.3842,19.51873,74.38534,724.2961033,688,521,1528,10.47210313,5.280216694,0,133.1881714,1708,1804.8,531,10.22320928
3078,19.9567,79.0467,19.95624,79.04372,248.6259675,244,181,409,2.066957934,1.508633375,0,29.7602787,1250,480.1,186,2.676519828
3079,19.1758,77.0131,19.17709,77.01458,534.1974501,531,360,934,2.780564518,1.622219443,0,60.373909,15000,15554.9,361,2.872929059
3080,16.9661,81.7831,16.98126,81.74792,434.1665796,423,-25,1664,4.911097581,2.133529902,0,156.9631348,310610,308427.7,23,4.872788771
3081,21.6256,80.2539,21.62292,80.2521,427.4188543,367,273,831,5.764516198,2.803431034,0,116.3840637,5380,5402.8,284,5.259061782
3082,20.1936,79.6656,20.19383,79.66456,244.9304481,240,186,461,2.325894175,1.555063725,0,57.40369797,1900,1898.6,193,2.184236819
3083,21.7189,78.8242,21.71876,78.82291,693.8264601,721,340,1166,6.413320471,4.118631363,0,65.44865417,2500,2520,346,7.816444976
3084,19.5219,77.6231,19.54375,77.62304,470.6221283,467,393,602,2.800536343,1.789019108,0,27.15605545,2500,2162.7,411,2.428020338
3085,18.0758,77.0525,18.07711,77.05207,649.02842,641,544,844,1.716726557,1.52037394,0,29.16095161,9960,10218.9,547,2.494053014
3086,20.3111,79.9586,20.31041,79.94376,435.154073,374,172,1204,4.185970194,2.150133371,0,116.3840637,46290,43528.2,209,4.552886955
3087,19.5614,79.6133,19.56035,79.61447,360.335766,339,106,946,3.296544637,1.779052377,0,108.7554245,47500,47707.8,158,3.43677301
3088,21.0817,80.105,21.08124,80.10623,308.0656773,303,253,490,2.703521064,2.004624128,0,36.19639587,1575,444.8,259,3.232184313
3089,20.9122,79.9264,20.91041,79.92709,293.4224974,278,227,712,3.805274959,1.885791779,0,65.85194397,1800,1780.3,228,2.703522828
3090,18.7928,77.8339,18.79374,77.83542,566.2321323,581,331,844,2.303606156,1.779052377,0,47.29541779,30082,30368.3,334,2.995657859
3091,17.5908,80.8192,17.58959,80.81876,187.1061914,160,55,791,6.230662443,2.458771706,0,89.53778076,1565,1653.4,58,4.61183084
3092,18.6125,82.1428,18.61456,82.14374,710.3047632,611,231,1655,9.884510772,5.293669701,0,108.2779541,3047,5097.7,238,8.515917806
3093,22.17,80.02,22.1771,80.02291,518.4557215,528,329,731,3.259988172,2.199192286,0,41.70329285,1100,1042.7,342,4.503105219
3094,21.2167,79.2331,21.21878,79.23124,585.2297084,600,206,1204,5.204063309,3.205846071,0,65.44865417,11100,11201.1,267,6.256960156
3095,20.8419,78.7181,20.8396,78.71042,406.1384111,421,254,580,5.630608526,3.507775307,0,50.5518837,1275,477.7,264,6.151856957
3096,17.75,77.9283,17.75206,77.93125,629.1141082,626,497,844,1.795921108,1.555063725,0,29.16095161,16097,16223.7,527,2.46422589
3097,18.6169,82.8669,18.61877,82.87291,1037.675499,1006,867,1655,20.88178219,19.13962555,0,108.2779541,440,436.6,885,7.299475566
3098,18.62,79.8044,18.61877,79.80625,354.4947294,329,121,664,2.422290984,1.555063725,0,99.94126892,12691,12927.6,124,3.417156576
3099,19.2697,81.8839,19.26875,81.88542,604.8618883,601,537,904,3.098410555,2.640108347,0,59.96284103,1523,1480.7,540,2.947363681
3100,18.9664,78.3447,18.96872,78.34372,541.0294881,538,302,1528,3.028818771,1.697212577,0,156.9631348,90350,90142.7,324,3.648695641
3101,18.3844,81.6625,18.38539,81.66459,571.393962,569,183,1655,9.357133941,4.657562256,0,141.7036743,8000,8544.2,197,8.903510383
3102,18.5853,81.8617,18.58538,81.86036,620.1191687,587,202,1655,9.982421773,5.021307945,0,141.7036743,7500,7163.9,208,9.455899137
3103,18.9783,79.9469,18.97708,79.9479,372.7931302,331,91,1204,3.749158781,1.941541433,0,116.3840637,108780,107797.8,98,3.959094486
3104,21.5328,80.6239,21.53542,80.62289,553.3426245,572,311,810,8.512747661,6.060994625,0,69.99819183,1050,1154.6,318,10.17253056
3105,19.0122,81.2325,19.01457,81.23125,536.6128328,526,318,1266,8.681332009,5.105587482,0,109.1317978,1700,1873.6,330,7.544662291
3106,19.2761,82.8281,19.27705,82.83121,826.3429063,830,606,1235,16.67027461,14.55362129,0,87.79975891,2630,1206.9,641,8.974058653
3107,20.4219,80.0917,20.41875,80.08958,300.4933913,277,207,653,5.146057985,2.64683485,0,77.15124512,2600,1764.7,213,4.166157484
3108,21.7614,80.0381,21.76042,80.0354,374.1337094,340,291,637,3.321645572,1.707657099,0,64.53982544,1200,855.6,297,5.914387154
3109,19.0439,77.4556,19.04374,77.45622,544.6849962,529,333,1528,3.482685332,1.622219443,0,156.9631348,53630,53687.5,341,4.087877415
3110,19.3958,76.7708,19.3979,76.76876,500.3778736,486,376,934,2.418474569,1.359863758,0,60.373909,5550,5576.9,378,2.617117657
4001,16.3317,75.8872,16.33125,75.88541,661.5210352,631,476,1440,5.965913242,2.530055046,0,132.2944336,36286,33682.1,505,9.068373137
4002,17.4347,79.4119,17.43544,79.41874,386.3883426,374,226,641,2.062476286,1.508633375,0,78.60042572,2448,2556.7,233,3.883893986
4003,16.7808,74.6333,16.78543,74.63123,721.8716281,691,526,1440,8.977722346,3.35755682,0,132.2944336,12660,12279.8,536,12.57268861
4004,15.8833,77.9572,15.88544,77.95623,599.9275566,596,269,1903,4.075193371,1.941541433,0,136.8544464,67180,66892.7,270,4.980705774
4005,14.4339,75.7797,14.43542,75.78124,662.5685631,650,535,1128,3.601079747,2.108379364,0,91.44982147,2300,2507.6,542,3.990233605
4006,15.8717,75.7228,15.87294,75.72293,639.0204977,632,529,1024,2.527074037,1.52037394,0,61.07461929,9373,9938.7,530,3.642117193
4007,16.7392,79.6697,16.73946,79.66875,430.9974174,459,56,726,2.190881339,1.707657099,0,89.92459106,11501,11312,62,3.938601549
4008,18.4739,74.5764,18.47712,74.57703,669.7937197,640,496,1472,8.366801736,3.205846071,0,200.589035,11660,11438.6,501,8.286165334
4009,17.1703,76.3283,17.16875,76.32706,589.3929445,565,395,1472,4.282860014,2.039795637,0,200.589035,50843,52656,396,5.393336351
4010,16.3822,77.3572,16.38544,77.35623,591.123823,575,321,1472,4.152369215,1.968824387,0,200.589035,129500,126249.8,331,6.025939644
4011,15.74,77.9931,15.7396,77.99793,423.5493843,425,291,669,2.805819112,1.555063725,0,54.07752228,3240,3306,300,3.33191388
4012,16.79,79.3387,16.78956,79.33959,324.9817601,293,128,701,3.2062612,1.52037394,0,74.04056549,3100,3284.3,131,4.999298065
4013,14.8306,75.6744,14.83124,75.67292,691.9411655,653,508,1867,7.374620808,3.602800131,0,136.8544464,14582,14653.5,510,8.741570022
4014,13.5222,75.3033,13.52294,75.31034,797.1245266,758,617,1639,17.08072565,14.44078159,0,106.3568192,663,701,619,17.76540824
4015,13.9761,75.6853,13.97709,75.68541,839.8105815,786,560,1867,12.80958439,8.895261765,0,136.8544464,2990,3442.6,567,17.44560202
4016,14.2372,75.6625,14.2396,75.6604,753.4276854,697,540,1867,10.79385915,7.12869215,0,136.8544464,7075,7452.5,540,12.11844455
4017,16.4911,76.9231,16.48958,76.92286,632.694238,612,346,1440,4.632586666,2.039795637,0,132.2944336,55150,54165.8,348,7.296930311
4018,17.2544,77.4628,17.25626,77.46039,545.2601973,546,422,726,2.753996364,2.150133371,0,31.26663208,1920,1943.1,426,4.718289673
4019,16.2592,77.8411,16.26042,77.83958,585.997154,573,268,1472,4.098805025,1.968824387,0,200.589035,132920,129542.3,277,5.96355039
4020,13.6519,75.1783,13.65208,75.17711,670.4261219,656,610,969,9.350084826,7.018085003,0,88.9776001,256,275.1,616,5.842173695
4021,17.2944,74.1903,17.29375,74.18959,784.6174637,738,547,1440,13.80073711,6.600271225,0,132.2944336,5462,5432.2,557,16.39768183
4022,16.7156,80.3164,16.71458,80.31875,186.1817385,178,26,791,2.878655918,1.52037394,0,92.43457794,9854,10544.6,30,2.625899806
4023,13.7542,76.3197,13.75209,76.31876,829.8044213,798,655,1903,4.966648605,2.530055046,0,123.7350998,4320,4297,658,5.684309184
4024,17.2864,75.6372,17.28541,75.63541,580.7369655,572,458,757,2.218017641,1.968824387,0,27.55579948,1640,1482.6,460,4.344190986
4025,14.5,75.6339,14.50209,75.63542,648.1100753,641,537,1025,4.962048301,2.878536224,0,66.0883255,1850,2061.5,541,4.980481586
4026,16.6836,74.6031,16.68544,74.60208,703.1136136,671,521,1440,8.767957947,3.415314198,0,132.2944336,15190,15264.6,535,12.12886241
4027,13.7061,75.645,13.7062,75.64372,910.6648133,849,605,1867,16.10296096,13.0174284,0,108.2689209,1975,2066.8,607,21.9515164
4028,16.9181,80.3558,16.91875,80.35625,127.9996944,111,44,791,3.753917936,1.52037394,0,85.01596069,1850,1684.8,48,2.549640311
4029,13.6972,75.3356,13.69792,75.33542,723.8400144,677,591,1639,12.63371948,9.574920654,0,106.3568192,1406,1528.4,592,10.38814821
4030,17.2031,77.1572,17.20208,77.15625,537.2437648,541,395,726,3.018218662,2.03105998,0,43.6404953,7650,8380,397,4.376959902
4031,15.9483,77.4264,15.94791,77.42699,608.8300192,601,303,1903,4.166249637,2.004624128,0,136.8544464,60630,64701.4,311,5.061633956
4032,14.9389,75.6181,14.93957,75.61875,590.452224,587,512,833,3.066468631,2.278610945,0,57.69413376,4901,5183.1,512,3.89311664
4033,18.5331,74.175,18.53547,74.17703,669.7270875,631,512,1312,12.56061389,5.546279907,0,117.9200516,2640,2696.1,519,10.55243925
4034,16.3253,75.2831,16.32289,75.28123,684.1413853,680,527,1046,4.462093228,2.700042963,0,85.51519775,6734,6772.9,534,6.93197575
4035,16.5547,80.2064,16.55206,80.20623,85.4536324,78,30,463,2.719796856,1.099596143,0,80.96527863,648,672.4,32,2.319211693
4036,16.5722,79.3111,16.57293,79.31039,573.7804077,569,75,1903,4.145499921,1.968824387,0,200.589035,215194,219809.3,111,5.652199824
4037,16.9497,74.5292,16.9479,74.52706,723.0912374,717,540,1075,3.618502553,2.332595587,0,60.5139389,3035,3021.2,544,5.444728393
4038,17.9722,75.1392,17.97291,75.13955,639.8949039,609,445,1472,6.620416335,2.480371714,0,200.589035,22856,22326.1,453,7.428622546
4039,15.55,75.3667,15.56878,75.36461,638.647105,634,567,843,1.583817293,1.320054173,0,54.04199982,2952,3079.1,584,2.717788965
4040,15.4917,76.7169,15.48958,76.71869,629.0072584,607,367,1867,5.155014213,2.38535881,0,136.8544464,33018,32960.8,376,6.282677441
4041,16.9489,80.0478,16.94791,80.04792,194.9196513,189,73,481,1.556267918,1.333456159,0,79.42295837,2928,2489,76,2.358957549
4042,18.5581,74.375,18.56876,74.37292,661.5362745,630,500,1312,9.502361206,3.96016264,0,123.0189743,6251,6170.7,526,8.845325298
4043,16.3252,77.7064,16.33545,77.70624,586.7430881,573,301,1472,4.105132977,1.968824387,0,200.589035,132800,129139.9,321,5.971724883
4044,18.6669,74.0022,18.66876,74.00206,690.6062547,659,542,1260,9.854872713,5.147209644,0,123.0189743,2205,2141.9,551,8.869423215
4045,17.0156,80.1717,17.01463,80.16873,233.4189198,231,62,747,2.808784442,1.600147367,0,92.43457794,6112,6343.4,74,2.782842346
4046,16.5078,80.6053,16.50624,80.60624,526.948239,551,-3,1903,3.936216625,1.885791779,0,200.589035,251360,257252.9,14,5.33578083
4047,16.5639,74.5275,16.56458,74.52709,639.2657409,605,530,1035,6.979096288,3.661545277,0,64.43670654,2322,2285.3,534,10.38215559
4048,16.855,74.4967,16.85628,74.49793,667.2037619,618,536,1108,9.167398158,5.229460716,0,84.7627182,1948,2010.2,540,16.12607204
4049,17.9114,75.0075,17.91041,75.01042,649.3388734,615,470,1410,6.341406928,2.301902294,0,111.1158676,7200,6807.1,473,7.783270743
4050,13.9269,75.585,13.92704,75.58537,705.5394251,673,561,1639,10.92748726,8.097932816,0,106.3568192,2831,2761.3,565,9.088944163
4051,17.3686,75.5942,17.36875,75.59377,542.8522793,533,442,706,2.212750725,1.923137784,0,18.7908535,630,611.4,446,4.088875204
4052,16.0869,78.8967,16.08546,78.89373,578.9098971,572,166,1903,4.112479113,1.941541433,0,200.589035,206041,210549.1,230,5.597812575
4053,16.5728,78.4233,16.5729,78.42287,567.0227394,570,430,713,2.166611242,1.923137784,0,62.24169922,2340,2236.2,435,3.793006135
4054,17.4131,75.8478,17.41459,75.8479,613.4573344,588,410,1472,5.280769212,2.207262754,0,200.589035,33916,33531.6,417,6.373734381
4055,16.4728,76.2842,16.47296,76.27706,599.3861534,599,500,750,1.544459194,1.436176181,0,18.7254467,2486,2434.4,507,2.564768733
4056,16.6753,74.5736,16.67708,74.57292,636.1580063,598,529,1026,9.233949423,5.62585783,0,68.50513458,2425,2444.2,531,11.82896392
4057,15.6611,76.9628,15.66043,76.96458,645.800752,646,352,1903,3.554655349,1.923137784,0,123.7350998,23500,23527.1,352,3.910926718
4058,15.2644,76.3322,15.26458,76.33126,641.9008538,613,466,1867,5.113169126,2.414991856,0,136.8544464,28179,28954.7,474,6.422674564
4059,16.6875,79.5489,16.70212,79.55212,185.5427259,183,78,440,1.729232135,1.265027523,0,70.68198395,625,664.4,110,2.325865884
4060,16.5011,80.625,16.49796,80.61874,526.9343043,551,-3,1903,3.936147204,1.885791779,0,200.589035,251360,257260,23,5.335764229
4061,17.5342,75.885,17.53541,75.88541,576.2026526,557,423,964,2.831619868,1.885791779,0,51.12687302,12092,12094.5,427,3.404205079
4062,16.7942,80.0692,16.79375,80.06876,553.4198879,561,24,1903,4.016923911,1.923137784,0,200.589035,235544,240055.4,28,5.520081517
4063,17.2722,74.165,17.27292,74.1646,791.1768762,747,552,1440,18.10485913,14.1748333,0,132.2944336,1890,1908.8,560,21.14575805
4064,16.7375,77.1253,16.73957,77.12289,566.3953658,547,349,1472,3.86207183,1.968824387,0,200.589035,69863,69779.3,364,5.043147354
5001,12.6028,76.4008,12.60195,76.40207,943.4407681,939,758,1862,5.650184076,4.135864258,0,115.2019653,5236,5153.5,762,5.10230454
5002,12.1822,77.7239,12.18127,77.72709,820.7478801,819,257,2026,6.277455355,3.622487545,0,144.8038788,36682,37505,264,7.231407143
5003,12.5067,76.3008,12.50626,76.2979,936.9310534,904,758,1706,9.268741763,5.993139744,0,89.54830933,2995,2816.2,766,10.47190125
5004,11.0317,77.8875,11.03127,77.88959,371.3507421,351,134,1902,3.871374449,1.707657099,0,162.5165253,3386,3500.6,136,5.964705284
5005,12.1208,77.7856,12.12292,77.78541,737.2729117,786,259,1381,11.30062593,5.507674217,0,115.2704773,1636,1593.4,263,13.79010814
5006,12.1139,76.4633,12.11459,76.46037,795.4035469,769,622,2026,8.949399193,5.809340477,0,122.1546249,6200,3431.4,668,9.625855443
5007,12.3461,76.2878,12.34792,76.28959,866.8723716,856,768,1527,6.100496652,4.525900364,0,83.82424164,1330,1464.5,774,5.684392441
5008,11.0811,77.8903,11.08125,77.88958,767.1966852,795,121,2629,8.474204749,3.795082808,0,236.2264099,53233,52773.6,126,10.76586217
5009,12.2961,77.4403,12.29376,77.43958,805.7550121,830,371,1463,6.034959651,3.771583557,0,144.8038788,6200,4205.5,374,6.295187506
5010,12.5025,75.9619,12.50208,75.96041,979.014593,931,816,1706,12.43753668,9.859459877,0,89.54830933,1934,1742.8,824,12.48807786
5011,10.4981,77.9458,10.49795,77.9479,434.3178232,314,213,1963,9.113971423,2.150133371,0,183.134552,1800,1422,213,11.16154252
5012,10.9433,78.435,10.94375,78.43125,676.948853,732,78,2629,8.035515704,3.110127449,0,309.4549255,66243,69632,82,10.81735331
5013,11.8083,76.0839,11.81041,76.08542,826.9458342,775,706,2026,13.78650876,10.80181789,0,122.1546249,1260,1235.1,718,12.57236045
5014,10.8808,77.9847,10.88125,77.98542,485.2628923,314,126,2534,8.465341484,1.885791779,0,309.4549255,9080,8725,137,16.89616577
5015,11.2878,76.8911,11.28959,76.89374,1174.650811,918,307,2618,26.30313029,23.10922241,0,194.9862213,1475,1498.9,307,50.32697656
5016,11.3217,76.8928,11.3229,76.89377,1687.237717,1829,327,2629,29.76662619,25.1673727,0,215.8072662,120,211.1,332,74.87764277
5017,12.9436,75.7936,12.94377,75.79791,974.8107669,959,892,1419,10.15666596,8.833077431,0,72.15291595,617,615.6,897,6.746032428
5018,11.5217,77.51,11.51875,77.5104,905.0060969,752,181,2629,18.5293345,11.39305401,0,236.2264099,5776,5656.3,183,34.0245862
5019,11.555,77.7144,11.55626,77.71459,385.6008483,274,175,1410,12.02054663,2.68021369,0,124.9972687,258,337.6,178,9.150033266
5020,10.9911,78.5133,10.98959,78.51042,342.4801905,175,88,1375,10.5505064,1.941541433,0,207.9060364,1135,1118.6,90,13.54267677
5021,12.5167,77.4333,12.51458,77.43542,830.9392874,858,615,1463,5.085305824,3.466985941,0,144.8038788,3500,3380.8,622,5.347437568
5022,11.5728,76.9192,11.57292,76.91875,1300.757176,1006,342,2598,20.15199618,14.31836319,0,200.6777496,1370,1360.1,346,39.94315926
5023,11.5272,77.7508,11.52708,77.75208,349.8833793,300,176,1635,6.451567817,2.294164658,0,134.2704926,1248,1207.5,175,7.117520878
5024,12.9825,76.0214,12.98127,76.03958,1029.110265,1011,912,1862,6.015880953,4.714479446,0,115.2019653,1010,975.3,932,5.401898868
5025,11.9383,78.0572,11.93959,78.05617,584.328943,491,331,1627,16.39734743,9.207609177,0,117.4895172,362,356,332,15.23138203
5026,12.6667,77.04,12.66458,77.03957,810.5685316,812,624,1323,3.003624948,2.301902294,0,95.07551575,6410,6278.9,626,3.69272646
5027,12.4167,77.1925,12.41874,77.19376,786.1069655,799,584,1323,3.260854189,2.414991856,0,113.7457657,7890,8157.8,586,3.775569787
5028,12.23,76.8942,12.23125,76.89375,798.294974,772,622,2026,7.026147657,4.402425289,0,122.1546249,7000,7095.3,640,7.784281594
5029,11.4778,77.7,11.47708,77.70209,776.3270284,804,162,2026,7.458008477,3.776294947,0,144.8038788,44100,44895.8,162,8.075921966
6001,22.7914,86.1736,22.79374,86.17292,313.1047824,281,115,956,7.090540275,3.040747881,0,90.76850891,6309,6350.2,132,7.351005952
6002,21.9311,86.7186,21.93133,86.71874,338.5246784,236,25,1115,11.74710572,5.669933319,0,117.4121552,1695,1663,34,16.9045369
6003,22.1669,86.5711,22.16873,86.57288,287.3821048,306,83,721,11.95014597,7.108709335,0,77.16414642,250,256.5,96,15.85224189
6004,22.9708,86.0208,22.97297,86.02292,420.6610091,389,153,1043,6.228358409,3.293393612,0,94.88362885,5248,5797.9,153,8.521562016
6005,22.3086,86.9164,22.31043,86.91458,101.2311532,95,45,390,2.229397543,1.738614082,0,50.48465729,700,853.2,52,2.860413886
6006,22.5806,86.4683,22.58125,86.46876,341.5416948,286,60,1043,6.940591765,3.244438887,0,108.0313492,14176,14291.2,69,7.682009262
6007,21.5478,86.9181,21.54795,86.91871,229.4041024,100,-2,1166,8.644330576,2.878536224,0,121.5434875,4495,4450.4,12,13.37395053
6008,22.8156,86.2161,22.81459,86.21877,357.9573141,300,115,1043,6.807771658,3.211387634,0,94.88362885,12649,12785,120,7.852359511
6009,22.2197,86.7167,22.21874,86.71457,322.2714197,274,44,1043,6.890797842,3.22795558,0,108.0313492,16000,15979.4,47,7.586752127
6010,21.6092,86.6833,21.61043,86.68127,266.7307994,147,23,1166,9.641470955,3.441246986,0,121.5434875,1185,1330,25,18.65126533
6011,21.7678,87.1642,21.76874,87.16458,285.3810995,254,5,1043,6.14987091,2.853720665,0,108.0313492,18260,18666.5,11,6.772949959
7001,20.9297,85.5189,20.93127,85.51875,208.2682706,147,47,989,10.83188845,4.917543411,0,116.6785583,830,937.2,52,8.412036144
7002,21.2111,86.1206,21.21038,86.12295,473.9472768,426,32,1181,7.20192789,3.661545277,0,123.3568726,8570,8655.2,32,9.417191881
7003,20.8611,85.8597,20.86042,85.86042,390.2555827,367,21,1174,8.048945014,3.887659311,0,167.9461365,33050,35520,30,7.941376893
7004,22.13,84.88,22.11858,84.85212,517.7630682,527,161,1110,7.151680324,4.070864677,0,103.059166,19453,19721.9,194,7.595887833
7005,22.0658,85.6733,22.06882,85.67283,590.9151799,573,375,1116,10.35021428,7.101201534,0,96.0451355,1710,1828.7,380,9.848994858
7006,21.4578,84.6917,21.45628,84.68958,322.27286,289,164,773,10.52673699,4.866658211,0,75.05664063,437,474.8,166,9.429408384
7007,21.8378,84.9425,21.83544,84.94374,503.3641351,507,133,1110,7.659350963,4.237790108,0,107.4656448,21950,21758,147,8.17484939
7008,22.3217,85.1047,22.32291,85.10622,544.541241,566,200,1086,7.125890891,3.869321108,0,97.11260223,9160,10541.1,200,7.422285526
7009,20.8897,86.0142,20.88544,86.01461,384.9126669,360,9,1174,7.985951366,3.869321108,0,167.9461365,33955,36130.8,23,7.863350582
7010,20.7472,85.5556,20.74794,85.55624,408.753779,392,23,1174,8.063002996,3.995921135,0,167.9461365,32697,33031.2,42,8.049532185
7011,22.2772,84.8519,22.27709,84.85209,515.0150161,540,176,1086,7.050900336,3.883082867,0,97.11260223,19448,12363.2,181,7.401367762
7012,21.25,85.0417,21.24792,85.04375,468.72701,462,78,1166,8.070301099,4.267059803,0,166.3145447,25250,25487.6,79,8.461940269
7013,21.6167,85.9167,21.61874,85.91874,523.7304942,456,300,1181,7.52178097,3.642068863,0,123.3568726,6345,6499.7,307,8.607263372
7014,20.95,85.25,20.94791,85.24374,428.0896631,413,23,1174,8.191727831,4.153025627,0,167.9461365,29750,30618.8,69,8.270238624
7015,22.6233,84.4175,22.62292,84.41875,732.6605717,746,376,1110,9.142374656,5.472046375,0,84.95570374,3160,3223.2,380,8.557204316
8001,21.8317,81.6058,21.8354,81.60621,430.996363,366,251,971,5.904887197,2.074370861,0,92.06546783,2210,2229.2,259,7.000104175
8002,20.8039,84.6,20.80209,84.59792,281.1961984,267,132,953,10.29382054,4.955361128,0,95.20877075,379,461.9,139,9.113011435
8003,21.8986,82.7117,21.89788,82.71459,485.2424658,478,199,1116,6.57562764,3.818437338,0,138.608902,9730,9859.5,228,7.014097195
8004,22.6,82.5858,22.59794,82.58544,527.833178,511,297,1116,6.660038583,4.174377918,0,138.608902,6730,6761,298,7.297162322
8005,20.9125,81.8861,20.91036,81.8854,470.5572022,440,278,929,5.546611703,3.255381346,0,103.8763199,3225,3238.2,291,6.05922701
8006,21.7267,82.7881,21.72293,82.78959,379.9291056,333,199,1139,4.092633213,1.923137784,0,138.608902,57780,59091.2,210,4.324717682
8007,20.8656,84.3133,20.86458,84.31041,361.0660619,311,77,1321,5.644309767,2.332595587,0,180.815567,123432,123803.8,85,5.358800962
8008,22.4722,83.2181,22.47292,83.21873,636.2197825,598,268,1140,6.515369376,3.415314198,0,107.3956299,2050,1512,280,7.131701108
8009,22.0567,82.2194,22.05624,82.21874,456.0500721,378,234,1139,6.543468399,3.138582945,0,106.1707458,3035,2964.9,255,6.935508597
8010,20.9539,81.2936,20.94793,81.28539,365.4959562,360,287,689,3.081957567,1.789019108,0,56.04483032,1735,1759,300,3.086285949
8011,21.7158,82.3472,21.71457,82.34776,352.6636621,314,216,1139,3.401795323,1.52037394,0,106.1707458,29645,29822.5,217,3.694579047
8012,21.6944,83.2778,21.68958,83.27708,377.1803954,328,177,1147,4.304742013,1.968824387,0,166.9898071,68268,68531.7,201,4.493566693
8013,20.65,83.7222,20.65205,83.72288,388.1384166,299,119,1321,9.372519122,3.211387634,0,180.815567,19600,20374.3,120,8.257787854
8014,22.4919,82.5386,22.49375,82.53958,542.9591411,575,313,1043,10.80275016,6.422775269,0,96.60795593,307,330.1,318,11.82767616
8015,21.8886,83.4,21.88972,83.40208,335.3696219,298,203,760,6.459195136,3.477228165,0,72.15956879,950,1155.7,205,7.033815968
8016,20.2039,83.2231,20.2021,83.22291,372.3421657,296,166,1096,7.953628601,2.700042963,0,180.815567,11960,11956,167,7.809003928
8017,20.8386,84,20.83959,83.99791,360.3264375,311,94,1321,5.396116112,2.278610945,0,180.815567,104400,118487.6,98,5.20460611
8018,20.2558,85.1867,20.25624,85.19793,160.0807901,129,52,781,9.113540979,2.803431034,0,93.58392334,1282,1338.9,55,4.515344345
8019,22.3583,82.6875,22.36038,82.68958,515.9564444,502,264,1116,7.067879868,4.237790108,0,138.608902,7700,8021.3,277,7.507557905
8020,21.2361,81.2472,21.23541,81.24788,350.4945645,341,271,759,2.734976933,1.686703444,0,75.24497986,6990,7097.7,280,2.638273997
8021,21.9864,83.2042,21.98544,83.20623,461.9137609,392,211,1147,7.648566812,3.602800131,0,121.7013779,4625,4780.7,219,7.858927267
8022,20.6567,82.0389,20.65625,82.03543,471.0299534,417,314,929,7.273994686,3.790394545,0,103.8763199,1276,1344.8,332,7.534897984
8023,23.2036,82.2172,23.20624,82.21876,668.1544332,684,419,1046,5.76987321,4.237790108,0,87.34147644,1100,1026,425,7.750810007
8024,21.875,84.3772,21.87295,84.41877,397.0072297,342,243,816,12.42760134,6.854016304,0,90.14202881,406,417.9,256,11.56749166
8025,21.0158,83.1031,21.01456,83.10625,288.6719503,274,172,1005,4.845609324,2.301902294,0,143.5631409,2420,2462.7,178,2.967661826
8026,20.3433,85.3111,20.34788,85.31036,353.7197628,307,29,1321,6.085502808,2.414991856,0,180.815567,132750,131360.5,42,5.590354422
8027,21.7728,84.0817,21.77291,84.08125,330.2048547,288,193,816,8.140627184,3.622487545,0,90.14202881,2120,2993.3,196,6.934047755
8028,21.3411,81.5939,21.33957,81.59373,309.0935805,306,258,448,1.208421165,1.01552999,0,13.90891266,2511,2483.6,258,1.488961645
8029,20.9736,81.8783,20.97292,81.87708,445.8448123,420,269,929,4.941582497,2.564954042,0,103.8763199,8760,8511.2,280,5.179658104
8030,21.6517,82.5172,21.65209,82.51875,346.942471,320,220,863,4.38343879,2.530055046,0,97.96865082,2920,3450.8,225,3.717777835
8031,20.9833,83.5394,20.98123,83.53958,257.3732106,250,126,1005,4.822895577,2.207262754,0,143.5631409,4650,4672.4,134,3.552890359
8032,21.2875,82.6506,21.28542,82.64796,365.2741491,328,261,863,4.068312187,2.400221109,0,97.96865082,2300,2290.5,264,3.603410121
8033,20.3128,81.5319,20.30621,81.5354,521.8422777,472,375,852,7.279852322,3.205846071,0,85.82341766,2022,1703.6,379,8.110468647
8034,21.7167,82.5967,21.71458,82.598,361.4380346,322,204,1139,3.636170903,1.707657099,0,116.2132874,48050,48030.5,213,3.806854348
8035,21.6256,81.6931,21.62293,81.69374,339.423031,317,240,882,2.730605285,1.372877121,0,81.06031799,30761,16902.7,249,2.957618149
8036,22.1153,84.0111,22.11448,84.01041,517.7097306,480,215,1138,6.327791508,3.813777685,0,113.2664032,5870,5937.2,225,7.587464679
8037,22.6675,83.9083,22.67291,83.90622,718.2881815,671,378,1138,10.14676102,5.918502808,0,113.2664032,2500,1495.3,383,11.37236772
8038,20.5894,84.7833,20.58956,84.78541,358.4428147,310,41,1321,5.832801794,2.362890244,0,180.815567,124450,126895.9,55,5.499013291
9001,14.7172,78.6686,14.71878,78.66878,289.3874684,247,135,912,4.68649953,1.333456159,0,108.5986862,8758,8394.9,136,4.451493495
9002,14.5722,78.8,14.57293,78.79789,458.9351632,432,118,1441,5.176799953,2.150133371,0,117.0291443,37981,37720.9,120,4.846242404
9003,14.6192,79.5611,14.61876,79.56042,141.197979,117,47,904,4.04385618,1.359863758,0,131.564621,1115,875.3,58,3.210247289
9004,15.1125,78.9381,15.11035,78.93957,380.5271591,322,184,871,12.65267338,5.021307945,0,113.0923309,996,1146,187,8.893339194
9005,14.5806,78.6778,14.58124,78.67705,540.8020885,567,133,1358,6.763941368,3.222442389,0,116.0229416,7187,7157.2,139,6.258822107
9006,14.1889,77.3722,14.18958,77.37291,723.331011,703,550,1441,4.619848758,2.207262754,0,117.0291443,5050,4843.7,555,4.482156405
9007,14.2547,79.1164,14.25626,79.11457,530.2026505,520,137,1356,8.643631349,3.661545277,0,148.1970825,5183,5903.6,143,7.363058539
9008,14.7211,79.0189,14.71875,79.01875,312.3976994,264,114,875,10.85645211,3.040747881,0,113.0923309,2486,2460.6,117,7.710087245
9009,14.4703,79.9889,14.46877,79.98956,419.5757946,395,2,1441,6.343710027,2.294164658,0,185.4616547,50800,54544.3,11,5.335701633
9010,14.0822,78.7553,14.06875,78.75627,508.7161129,475,339,1073,12.81040478,3.627392769,0,115.5399551,406,325.6,353,5.772430605
9011,14.5978,78.0133,14.59792,78.01456,553.3518925,540,257,1220,6.309262964,2.872352362,0,81.7096405,6262,5959.8,262,5.700759813
9012,14.9222,78.0028,14.9146,78.00624,548.8594773,544,225,1441,4.163808856,2.039795637,0,117.0291443,12482,12472.6,238,4.249233595
10001,24.2875,73.8464,24.28958,73.84795,538.5728198,537,285,1005,15.48989412,11.6018343,0,99.45008087,472,580.9,288,10.64735744
10002,23.3536,74.2336,23.35625,74.23542,338.7743883,328,141,595,4.15990128,3.06984663,0,67.73957062,4650,5302.5,147,4.53036852
10003,23.2161,74.78,23.21457,74.78124,466.1870934,468.5,314,586,2.424693138,1.895197272,0,35.25421906,3070,3175.6,325,4.044042073
10004,23.0542,74.3197,23.05625,74.31874,364.0338056,357,216,567,4.107836219,3.138582945,0,47.24124908,3121,3608.2,218,4.487977777
10005,24.0867,74.4756,24.08543,74.47293,436.671917,459,216,588,4.509529983,2.68021369,0,85.16098785,1510,1272.2,217,6.366061754
10006,23.3064,73.8253,23.30624,73.82708,348.3841388,348,79,1005,5.140945427,3.09292841,0,99.45008087,25520,26070.4,124,5.032684634
10007,24.0114,73.6642,24.0104,73.66458,475.0478924,449,266,939,11.16304999,8.237262726,0,78.61671448,1136,1210.7,277,6.992331005
10008,22.5347,73.1408,22.53544,73.14376,306.2759274,301,2,1005,4.750513786,2.803431034,0,114.0417633,32510,33305.6,12,4.61673148
10009,23.6286,74.5472,23.62708,74.54791,434.4741327,437,229,602,4.127628509,2.480371714,0,53.93529129,6149,6285.6,266,5.054812004
10010,23.3497,74.7181,23.34788,74.72291,456.8879124,459,286,602,2.739625003,2.03105998,0,48.37671661,3880,3768.8,294,4.258782975
10011,23.7675,74.1367,23.76459,74.13541,390.3901901,400,128,1005,5.667079925,3.211387634,0,99.45008087,16247,16472.3,134,5.507219923
10012,23.0539,73.7167,23.05623,73.71458,231.6871567,209,86,657,5.087468391,2.745754242,0,62.19826126,2314,2389.1,122,4.056902587
10013,22.1103,73.0789,22.1104,73.07707,58.04293846,44,13,809,1.622677966,0.942895889,0,118.6946716,2400,2565.5,21,1.215700821
10014,23.8728,74.2236,23.87292,74.22287,386.9892031,385,148,1005,6.891892308,3.883082867,0,99.45008087,8329,8586.2,154,5.975791045
10015,23.9783,74.0325,23.98125,74.03541,407.185341,394,190,1005,7.886018417,4.533751011,0,99.45008087,5376,5401.6,204,6.034092286
10016,22.9475,73.4294,22.94792,73.42707,324.6289613,319,50,1005,5.012310583,2.981698513,0,99.45008087,30665,30511.3,62,4.813352512
11001,23.5764,72.8067,23.577,72.80624,426.9952625,393,88,1173,11.28491814,6.037479401,0,131.2857819,6724,6396.1,89,6.493777506
11002,24.0036,72.8567,24.00626,72.85625,478.9858171,464,171,1173,13.03904674,8.18094635,0,131.2857819,5475,5313.1,185,7.176432881
11003,24.0303,73.1725,24.03124,73.17293,424.5960207,403,233,779,16.41855572,11.22481728,0,104.046669,401,441.9,235,9.921861599
11004,23.6061,72.9678,23.60627,72.96458,253.0766225,223,122,672,6.636795625,2.278610945,0,105.152298,1357,1403.9,137,3.788122575
11005,24.3556,73.1681,24.35624,73.16876,624.2221473,616,284,1173,16.5878816,11.81294632,0,131.2857819,1421,1885.1,288,9.165259915
11006,24.2311,73.0083,24.23125,73.01041,571.3328527,566,206,1173,14.76824092,10.57557678,0,131.2857819,3650,3433.4,211,7.914570366
11007,22.9772,72.8844,22.97708,72.88542,163.885356,154,35,380,2.579361503,1.738614082,0,39.06821823,2916,3025.2,40,2.839690224
11008,24.7156,73.2,24.71874,73.19788,734.5716358,738,492,1136,12.25016115,10.26847839,0,63.34043121,332,348.8,511,5.285327614
11009,23.0597,72.5872,23.06039,72.58539,366.6656514,299,27,1173,9.599021919,4.174377918,0,131.2857819,10674,8620.6,51,5.679797743
11010,22.6497,72.5356,22.64791,72.5354,231.7910185,164,4,1173,5.596199564,1.779052377,0,131.2857819,19636,18325.1,11,3.483004879
11011,23.3147,73.4167,23.31461,73.40624,201.169524,189,108,380,3.163111346,2.332595587,0,39.06821823,1114,1177.4,125,3.720919201
12001,22.4842,80.3781,22.48542,80.37708,586.4026086,581,442,905,4.650595077,3.222442389,0,60.95046997,1864,2579.1,444,4.235761513
12002,22.2206,76.9439,22.21876,76.94379,392.6524428,381,267,741,6.062980534,2.666912317,0,58.98218918,1030,493.9,281,6.662274538
12003,22.9403,79.9231,22.94376,79.91873,658.1819195,645,371,1139,7.356438792,4.603804588,0,70.115448,14561,15075.1,425,6.836270888
12004,23.0308,79.0156,23.03126,79.01458,569.9489272,556,309,1139,6.052295361,3.441246986,0,91.25751495,26453,26297.6,320,5.801452987
12005,22.2461,76.0517,22.24793,76.05208,459.4882483,480,172,853,8.810268428,4.35368824,0,74.18811035,395,571.1,180,8.816957556
12006,22.9278,79.3397,22.92708,79.33958,559.4917926,583,346,895,5.64418675,3.415314198,0,59.4763298,1508,1489.5,342,6.912420267
12007,21.8433,76.5044,21.84374,76.50208,388.3543983,358,265,786,2.586950127,1.622219443,0,54.3121109,2276,2103.4,275,4.001496325
12008,21.6922,73.0058,21.69376,73.00205,416.2633839,379,-6,1317,5.80240659,2.68021369,0,161.1884308,98796,95824.2,3,6.023393482
12009,22.05,73.4661,22.04789,73.46456,193.4952806,177,16,807,5.003922036,2.270793915,0,78.78954315,3846,3957.8,18,3.97029497
12010,23.0556,79.5986,23.05625,79.59792,488.6092959,479,346,629,5.516751267,3.587963581,0,42.69142532,537,565.9,356,5.454960296
12011,22.0739,76.9147,22.07293,76.91456,401.4301332,388,281,653,6.16054274,4.035770416,0,66.441185,223,289.1,284,5.219305872
12012,22.4058,77.3081,22.40627,77.3104,506.3907967,512,289,827,8.302373105,5.848995209,0,62.37525177,1729,1764.8,292,7.707312556
12013,22.2278,75.5183,22.22711,75.53541,472.4697561,524,169,862,8.650532379,4.657562256,0,84.35203552,670,613,179,11.19001773
12014,22.6094,77.2,22.61042,77.19375,397.7527984,363,275,549,3.858998055,2.004624128,0,40.46550369,731,630,285,4.168607906
12015,22.2056,74.8519,22.20625,74.85208,334.2696608,317,150,573,5.050617642,3.399659395,0,54.72631454,787,787.1,152,6.488080215
12016,22.9478,81.0761,22.94792,81.07708,834.2984277,805,656,1139,8.232341721,4.714479446,0,63.25278473,2292,2326.9,656,7.165767963
12017,22.4722,76.7872,22.47291,76.78541,378.6984121,348,259,644,4.129830183,1.738614082,0,56.00547409,1170,1057.1,265,4.779406817
12018,22.9228,78.7908,22.92291,78.79373,631.5899492,634,322,1093,9.058485628,6.16570282,0,80.16034698,2270,2231.9,329,10.77950892
12019,22.8264,81.3244,22.82715,81.32708,864.8394277,852,716,1038,9.385860096,6.600271225,0,53.05111313,647,397.8,725,9.891623854
12020,21.8864,73.6544,21.88542,73.65626,439.4832859,397,9,1317,5.884934862,2.719727516,0,161.1884308,87892,87738.7,17,6.155111609
12021,23.4892,80.1978,23.48541,80.20206,453.592716,438,384,646,4.984676727,2.64683485,0,53.13851929,1075,502,388,2.701951994
12022,22.9086,81.1939,22.91044,81.19373,817.1764706,796,688,1009,8.636193526,5.669933319,0,47.96921921,225,181.9,691,6.829940683
12023,22.2583,75.1019,22.25624,75.10209,452.7374521,495,188,740,6.764835615,3.964650154,0,50.24564743,957,956.3,192,10.04564709
12024,22.77,81.4547,22.77293,81.45208,875.4500528,842,732,1139,8.97770561,5.2430439,0,63.25278473,1522,972,737,7.538284383
12025,22.4917,76.9936,22.49374,76.99368,508.4395334,470,259,1317,5.935102791,2.872352362,0,161.1884308,54027,52733.6,260,5.94643772
12026,22.7561,77.7328,22.76042,77.73129,527.2687412,491,281,1317,6.1673383,3.06984663,0,161.1884308,44548,45142.3,287,6.207107696
12027,22.2822,76.4706,22.28124,76.47293,481.4006307,436,188,1317,5.488030015,2.564954042,0,161.1884308,61642,62683,226,5.667658595
12028,21.9708,75.2581,21.97291,75.25625,351.9354383,327,179,747,4.507165548,2.951730967,0,62.17166901,676,619.2,182,6.84284597
12029,22.1014,75.6842,22.1021,75.68123,372.2109883,325,153,980,4.974433261,2.458771706,0,85.42969513,3919,3934,155,7.601772093
12030,22.9853,80.5961,22.98542,80.59793,754.3253257,767,515,959,8.481017685,6.746813774,0,59.4745369,881,483.5,519,7.189164826
12031,23.0589,80.8397,23.05618,80.85623,788.3209919,765,624,1024,9.853556468,6.7704916,0,49.97383881,548,275.8,605,8.093315882
12032,23.225,80.025,23.22708,80.02709,484.6429875,494,391,622,5.028991409,3.046589851,0,37.82740402,406,207.4,392,5.846647917
12033,22.9792,78.3208,22.97703,78.31873,405.1228009,377,307,724,4.391021781,1.923137784,0,65.43507385,1331,1612.8,308,4.686659681
12034,22.5992,80.3639,22.59792,80.36458,683.1170659,672,435,1139,7.42841517,4.623075485,0,70.115448,13000,12943.8,448,6.832015748
12035,22.1683,75.6608,22.16875,75.66041,461.1159435,416,131,1317,5.40015535,2.537073374,0,161.1884308,72809,72672.6,141,5.756073803
12036,22.7358,80.5131,22.73541,80.51457,765.9497297,761,442,1139,8.353376676,5.393496513,0,66.64533234,4667,4943.3,448,7.546842638
12037,22.5856,78.4592,22.58541,78.46046,677.2452948,617,394,1317,13.51315001,8.071540833,0,161.1884308,751,833.5,402,13.45949491
12038,22.7658,80.6233,22.76457,80.62293,694.2966547,678,450,1009,8.371609979,5.597340107,0,70.115448,3919,3997.6,452,8.18004853
12039,22.2233,76.0411,22.22708,76.03994,473.0952725,429,153,1317,5.490277706,2.564954042,0,161.1884308,67184,66679.2,162,5.71685323
12040,22.1506,80.665,22.14794,80.66455,630.6012021,615,465,905,4.700307218,3.222442389,0,56.02832794,968,1030.8,541,4.228813676
12041,22.8369,78.6028,22.83542,78.60625,531.1408395,472,330,1208,9.9058569,5.122971058,0,96.17334747,868,924.5,338,9.360125188
12042,22.5289,80.9917,22.52709,80.98958,730.7757402,706,585,940,8.318335701,5.606862068,0,59.87678528,2021,806.7,602,6.803597019
12043,23.3111,79.6619,23.31043,79.6604,430.1179203,409,345,749,3.858815518,1.789019108,0,91.25751495,3950,4087.6,353,3.435653362
12044,21.9433,74.7447,21.94375,74.74378,452.0392242,438,192,994,7.550955348,4.77444315,0,79.62419128,2151,1668.2,194,9.135939804
12045,21.8778,73.4967,21.87707,73.49792,256.943392,233,20,849,8.227518377,4.935589314,0,75.22418213,1440,1432.9,21,6.646551877
12046,22.9158,78.3475,22.91875,78.34791,551.2474729,532,292,1208,6.003507014,3.244438887,0,96.17334747,33953,32917.6,302,5.980384278
12047,21.9831,75.7036,21.98125,75.70208,392.1148626,345,183,980,5.278824863,2.515959978,0,85.42969513,3410,3442.3,193,8.170256136
12048,22.1953,77.8983,22.19375,77.89792,622.3310484,627,381,866,4.578742948,2.537073374,0,67.53188324,841,953.3,392,6.792837755
12049,22.2006,77.9558,22.20208,77.95625,573.5105065,532,365,1152,10.40580306,5.429639339,0,86.61862183,1090,1476.2,376,13.57371856
12050,22.5633,77.9761,22.56457,77.97709,551.3091166,519,306,1317,9.334950689,4.237790108,0,161.1884308,6060,6075.3,326,10.28098382
12051,22.075,75.405,22.07707,75.40208,296.9059116,268,165,834,3.954519098,2.400221109,0,72.28783417,659,705.3,174,5.425712065
12052,22.9708,77.3461,22.96876,77.34791,502.2342268,503,423,605,2.323610527,1.857289433,0,23.46958542,508,525.2,434,2.723462231
13001,21.2872,74.5103,21.28125,74.51042,351.5005179,340,197,645,3.393648991,2.150133371,0,34.77279282,347,346.7,204,9.500614906
13002,20.6625,75.2703,20.66041,75.26875,392.2262215,356,248,944,5.546550563,1.52037394,0,94.47064209,930,996.1,254,4.359967833
13003,21.0683,75.7803,21.06876,75.78121,413.7557137,355,160,1163,5.335230066,2.074370861,0,121.0914764,32478,30212.9,170,6.054663424
13004,21.2994,76.235,21.29791,76.23125,511.2784491,491,214,1163,8.215898591,5.095128536,0,102.0978165,8487,9069.7,221,8.544531845
13005,20.8336,75.4239,20.83124,75.42291,513.9267375,498,212,1556,5.976977653,1.923137784,0,164.6210938,8599,8675.6,219,5.929023709
13006,21.5131,76.7572,21.5146,76.75626,559.3646835,548,270,1163,8.612230327,5.651085854,0,102.0978165,6660,6806.2,285,9.168334696
13007,21.2972,73.0253,21.29792,73.02292,379.2178545,333,1,1556,5.176563504,1.968824387,0,164.6210938,63325,63924.9,7,6.053331111
13008,21.2947,74.8092,21.29374,74.81041,410.2085489,355,117,1556,5.148235148,1.941541433,0,164.6210938,54750,52339.3,123,5.884861645
13009,20.4744,74.7139,20.47707,74.71458,627.5087531,607,361,1556,8.046447883,2.480371714,0,164.6210938,4729,4581,392,7.33148452
13010,20.8742,76.9914,20.87291,76.99375,398.1531254,341,240,1162,3.661984442,1.359863758,0,121.0914764,9500,8181.6,249,4.679410367
13011,21.0719,75.9458,21.07292,75.94375,415.828264,357,192,1163,5.373291472,2.082925081,0,121.0914764,29430,29846.9,203,6.078604561
13012,20.8475,77.3606,20.84791,77.36053,408.7186131,343,264,1136,3.440426187,1.333456159,0,99.01861572,3560,3613.7,264,4.233577126
13013,20.9094,74.7133,20.91042,74.71454,509.1781164,507,265,1201,6.223757045,2.700042963,0,114.3556595,1933,1921.8,267,7.031919359
13014,21.4325,76.4378,21.4354,76.43542,529.7845738,514,235,1163,8.408410228,5.333824635,0,102.0978165,8041,8104.3,244,8.791076588
13015,21.1283,75.6672,21.13123,75.66878,364.9802482,261,170,1059,7.934555736,2.108379364,0,74.28798676,324,323.1,171,11.19988416
13016,21.4283,74.5272,21.4271,74.52706,402.7606491,349,100,1556,5.042249276,1.941541433,0,164.6210938,58400,55841.7,107,5.898194079
13017,21.1481,75.2408,21.14792,75.23943,418.4960819,359,130,1556,5.276920547,1.968824387,0,164.6210938,48136,44607,142,5.961166499
13018,20.505,74.7942,20.50628,74.7979,517.586814,513,345,801,3.74757111,2.278610945,0,83.6741333,911,924.6,350,5.854257476
13019,21.2686,74.7494,21.26874,74.74791,379.2190545,352,153,777,3.172929179,1.941541433,0,61.68874359,1080,1098.9,155,6.37020268
13020,21.3389,74.8908,21.33957,74.88954,325.0563568,301,147,801,5.855077845,3.399659395,0,71.16734314,700,722.2,150,7.598860756
13021,21.1972,72.815,21.19793,72.81459,377.4514089,332,-17,1556,5.157708917,1.941541433,0,164.6210938,63973,64239,-1,6.039183625
13022,20.9467,76.2031,20.9479,76.20207,331.9300627,310,221,691,3.257160917,1.622219443,0,66.52035522,983,1013.9,224,4.163482868
13023,21.815,77.7736,21.81458,77.77295,677.5492452,677,463,936,4.322993155,2.666912317,0,58.16956711,1486,1496.4,463,7.03411918
13024,21.25,73.5925,21.25625,73.58957,386.2436981,337,45,1556,5.201821407,1.941541433,0,164.6210938,62225,62366.4,96,6.076926518
13025,20.9358,76.4756,20.93543,76.47709,384.4972704,335,215,1162,3.8602269,1.436176181,0,121.0914764,16517,15995.9,223,4.748584171
14001,19.1622,73.2544,19.16042,73.25624,220.3222799,114,4,1096,14.38822241,6.279997826,0,199.2953644,785,973.1,9,19.87085537
14002,16.2167,73.6083,16.22292,73.59375,232.9061368,136,13,1025,15.84808223,8.855193138,0,142.2973328,605,592,90,20.98219869
14003,19.7125,72.9306,19.71457,72.93125,236.6053879,164,-13,1226,10.74938428,6.016828537,0,146.7279358,2019,2039.6,1,13.11557345
14004,20.8569,72.9836,20.85625,72.98123,295.4921763,271,1,1116,11.91402325,7.64152956,0,104.7578964,1510,1526.1,5,9.797511354
14005,15.4711,74.1,15.47291,74.0979,387.6009154,289,4,1020,17.25287672,13.20188904,0,154.5385284,880,878.9,4,31.42030988
14006,20.1931,73.0608,20.19375,73.06042,366.0873358,370,38,1218,15.65917907,12.53732491,0,146.7279358,1800,1865.4,77,21.51979813
14007,18.0922,73.4603,18.08959,73.4604,341.5413136,258,1,1402,27.38137603,23.95178223,0,220.9394836,758.6,868.7,4,37.57829891
14008,21.0156,73.1394,21.01459,73.13957,308.2101891,295,9,1440,9.688818712,5.855072021,0,128.8448486,1995,1749.5,13,9.24112021
14009,18.2317,73.2833,18.23122,73.28122,187.8867631,92,5,1053,14.29251479,5.990172386,0,188.3014832,259,292.3,7,24.49157594
14010,17.5403,73.5236,17.53958,73.52293,276.8160572,195,0,1177,24.30049069,20.55858994,0,202.1587219,636,644.2,11,30.31164166
14011,18.5192,73.1564,18.51875,73.15627,191.3351397,118,6,1008,16.1894419,11.21372414,0,189.020874,420,447.6,9,24.93098787
14012,20.2033,73.2811,20.20206,73.28123,430.3264143,421,96,903,15.43037401,11.69799042,0,78.98969269,764,763.1,99,20.6392592
14013,17.0692,73.45,17.06877,73.45208,293.5856105,203,7,1051,18.31143274,14.54995537,0,137.5263367,421,452.8,21,32.47682766
14014,20.1111,73.2647,20.11042,73.26452,399.2818217,388,80,1218,16.29858886,13.2059288,0,146.7279358,640,677.5,98,24.73087087
14015,18.7367,73.1108,18.7354,73.11033,180.5682728,177,10,560,14.75360609,13.09233952,0,65.25084686,125,125.7,14,32.72217709
14016,20.2681,72.9856,20.26452,72.98956,330.4332805,344,16,1218,14.44535687,11.09896946,0,146.7279358,2122,2204.6,35,19.52022121
14017,20.3386,72.9117,20.33958,72.91043,318.0184859,334,3,1218,13.97167223,10.53514767,0,146.7279358,2227,2312.1,11,18.98939335
15001,12.9289,74.9539,12.93124,74.95211,186.5246485,104,2,1880,10.24535598,6.037479401,0,138.7061005,688,718.7,8,19.93988699
15002,12.6747,75.1183,12.67292,75.11876,115.7026142,104,49,323,9.36757708,6.957012653,0,57.212883,231,244.7,57,5.768808827
15003,10.6303,76.9461,10.63128,76.94792,670.3725341,384,223,2504,17.42716162,4.561121941,0,225.5987854,950,950,228,37.07785677
15004,8.8725,76.8417,8.87286,76.84369,110.2226831,99,29,421,9.210864083,7.752416134,0,57.99077988,202,273.2,40,4.534924761
15005,10.2814,76.3153,10.28124,76.31458,699.1831903,699,-5,2315,21.29511151,17.73546791,0,201.0261993,1342,1341.5,1,26.83593886
15006,13.5214,74.88,13.51876,74.88124,317.8739792,163,17,1149,16.80584481,9.194081306,0,192.7683258,253,299.6,18,41.825305
15007,8.715,76.85,8.71458,76.84792,193.109308,114,11,1592,13.59750443,9.459083557,0,123.5469971,540,555.8,20,12.02645961
15008,12.8808,75.0411,12.88125,75.04375,360.950961,163,5,1713,16.17258581,10.32374096,0,212.0102997,3184,3295.4,9,25.3623541
15009,12.4792,75.1472,12.48125,75.14787,299.4820565,192,15,1459,18.83912565,15.51629639,0,110.4863129,957,912,22,21.97568917
15010,13.5817,74.8578,13.58126,74.85625,346.8098047,261,7,958,12.51969815,8.475580215,0,135.6880493,583,566.4,12,15.24628739
15011,9.9906,76.6322,9.98959,76.63124,243.4098557,74,14,1170,16.68468226,9.364622116,0,146.4047394,405,386,20,18.48594676
15012,9.4036,76.6503,9.40209,76.65205,195.739668,106,4,1395,16.59830917,11.35396957,0,146.9922333,731,732.6,14,17.79131475
15013,11.0569,76.0394,11.05623,76.03958,117.5202999,67,9,1316,12.05655365,7.414783478,0,181.6793671,750,793.8,30,5.78783182
15014,9.6756,76.6056,9.67708,76.60626,183.4731835,85,4,1182,17.57656285,11.22956944,0,147.8312836,615,618.5,15,14.78241399
15015,10.7233,76.4028,10.72293,76.40208,193.6709228,99,28,1608,11.73294953,4.833663464,0,246.151886,947,1074.9,41,16.47522322
15016,10.85,76.02,10.85208,76.02291,289.7702171,148,-14,2504,11.35261467,4.561121941,0,314.5357056,5755,5866.6,-1,14.93161714
15017,11.2394,76.0233,11.23958,76.02291,592.0949909,391,1,2573,23.06915099,16.20135498,0,385.3076477,1876,2038.3,8,43.14842597
15018,8.3053,77.1856,8.30211,77.18543,377.9938847,137,3,1814,20.74745204,12.6474638,0,187.8454895,841,738.7,19,20.45796864
15019,9.3325,76.6631,9.33125,76.66445,545.7645844,418,-5,1916,25.43830007,22.45913887,0,198.2795868,1713,1649.9,15,27.64684646
15020,10.7611,76.4861,10.76041,76.48541,409.500358,305,34,2504,10.66386458,3.341631413,0,314.5357056,2775,2805.2,44,17.85669607
15021,10.1833,76.5,10.18124,76.50207,930.3305561,936,-2,2674,24.41456426,20.81302452,0,315.9709778,4234,4150.4,19,32.86010143
15022,9.0728,76.7611,9.07292,76.76041,286.1688706,161,6,1756,19.79939348,14.37661171,0,133.4642334,1210,1220.6,16,16.60288489
15023,11.9814,75.5875,11.98125,75.58957,488.1095486,429,9,1584,19.94248391,14.22367096,0,142.3772736,1070,1068.8,16,39.43025856
15024,10.8992,76.1972,10.89795,76.19802,308.1769581,90,9,2355,17.29935432,8.608798981,0,258.1731567,940,923.1,20,20.21637047
15025,12.7097,75.4689,12.71031,75.46876,453.0064324,276,82,1713,20.69387312,17.12336349,0,141.6124115,1047,777.1,93,31.54893041
15026,9.845,76.4667,9.84792,76.46873,149.613183,57,-3,1170,13.28377773,7.697172642,0,151.4674683,1208,1482.2,11,11.18384028
15027,8.3642,77.2589,8.36458,77.25625,471.6382748,227,19,1780,22.74004297,16.88863182,0,187.8454895,204,319.8,27,24.65779773
15028,8.3278,77.2669,8.33124,77.26873,461.8027974,277,16,1814,26.78621931,23.42104721,0,125.1032028,230,268.6,23,30.37420099
15029,11.3619,76.0019,11.36041,76.00209,652.017329,522,16,2322,32.14790413,26.51298523,0.188579172,234.5471649,177,193,21,71.10661168
15030,9.2325,76.7147,9.21466,76.7146,310.9129708,178,10,1881,22.97927589,19.60135078,0,144.3468628,810,838.7,30,17.16184426
15031,9.5733,77.0908,9.57291,77.08958,1131.998969,1091,800,1972,24.33333,22.27231026,0,123.0468674,712,711.5,800,17.51475667
15032,13.2942,74.9806,13.29791,74.98123,220.561655,102,21,1217,12.58078985,6.245929241,0,133.7410583,327,356.9,26,29.17779226
16001,17.7,82.9953,17.69795,82.99377,377.043807,146,21,1631,17.33899552,9.541435242,0,131.6121826,2090,2117.9,29,21.13758673
16002,18.7,83.9667,18.69795,83.96871,440.9097241,416,34,1507,19.3425332,14.95612431,0,162.2540588,9300,9731.7,38,14.66095897
16003,19.3461,83.7775,19.34793,83.77294,492.3682958,434,116,1507,19.48209834,14.52549362,0,162.2540588,3172,3146.8,118,15.75389826
16004,19.0833,83.8056,19.08122,83.80617,495.5274419,477,79,1507,20.18238722,16.44427681,0,162.2540588,6740,6998.7,82,14.82381498
16005,19.1278,83.4278,19.12705,83.42709,615.6666865,618,157,1420,22.07558908,17.57432365,0,160.7160492,2653,2708.7,159,15.99914059
16006,18.8611,83.4597,18.86042,83.46043,583.255093,526,118,1535,24.68571133,22.14741707,0,153.5809174,862,905.6,133,31.37389607
16007,18.8483,83.8731,18.8479,83.87293,468.2018139,443,50,1507,19.53706214,15.23878384,0,162.2540588,7820,7987,59,14.41280606
16008,19.6111,83.5644,19.61043,83.56458,500.4723304,428,259,1507,16.53624907,7.429157734,0,162.2540588,663,1080.2,265,12.74055397
16009,19.2233,84.2625,19.22299,84.26042,773.9130416,757,569,1356,18.23792875,14.68740082,0,83.37247467,185,183.7,572,7.902939025
16010,15.8828,79.91,15.88542,79.91039,262.8290286,205,32,969,9.259393147,2.362890244,0,121.8672409,7681,7076.1,33,5.815959281
16011,19.4447,84.2614,19.44791,84.26042,602.6360851,574,464,1064,14.93525962,10.10791397,0.188579172,88.51256561,147,145.1,465,5.251218832
16012,19.5167,84.8833,19.51459,84.88541,260.2843535,154,8,1308,13.08224723,4.402425289,0,126.9608536,7112,7055.4,13,11.85241808
16013,19.7556,84.4431,19.75626,84.44374,470.0359124,441,81,1308,20.18565621,17.05573273,0,117.3261032,1560,1640.9,83,22.05499069
16014,18.3133,83.8842,18.31459,83.88541,410.0957798,337,-1,1614,16.47905634,8.029576302,0,160.7160492,9500,9118.9,13,15.56368566
16015,15.3,79.9125,15.29791,79.91043,132.6024383,121,10,796,4.177944597,1.52037394,0,93.62989044,2180,2216.2,14,3.151786978
17001,9.9256,77.5117,9.92708,77.51042,677.2088856,568,301,1958,23.19914311,18.85508919,0,145.6485748,850,716,307,14.80153763
17002,12.9139,79.3333,12.91875,79.3354,590.9691128,647,156,1356,6.480845669,2.803431034,0,109.8355103,10174,10876,161,6.990397112
17003,12.6842,78.5394,12.68125,78.53958,800.3207691,823,367,1328,3.591742796,2.270793915,0,100.8205719,3300,3206.6,371,5.308713467
17004,13.1286,79.4786,13.13125,79.47703,214.4852614,193,127,568,6.739062653,2.199192286,0,69.37176514,179,299.5,131,3.649203612
17005,12.65,79.9472,12.65208,79.9479,470.1823048,429,23,1356,6.372543983,2.301902294,0,146.3772888,16230,16403,25,6.711468804
17006,12.555,78.1386,12.55626,78.13959,847.4609233,882,492,1472,3.675224311,2.564954042,0,114.0211792,4620,5138,498,4.298163758
17007,9.3239,77.9903,9.3271,77.98961,214.5326674,133,47,1987,7.372350693,1.147082329,0,221.4508209,3721,3901.7,49,5.338756644
17008,11.7889,78.7867,11.78962,78.78539,752.0772565,764,207,1067,17.44188173,12.45907688,0,93.72612762,128,133.5,212,25.10136518
17009,11.4222,79.4722,11.42292,79.47292,262.8652035,151,10,1410,7.784869271,1.52037394,0,153.1389465,7890,7215.9,19,7.564361604
17010,12.2317,79.5147,12.23126,79.51042,142.4786606,136,56,537,4.17006906,1.555063725,0,98.030159,1055,936.2,69,2.740236069
17011,8.7144,77.835,8.71458,77.83541,235.118784,119,13,1847,8.136078601,1.359863758,0,178.4207153,4380,4734.6,21,12.46449688
17012,13.9472,79.8972,13.94792,79.89793,272.3501563,191,20,1144,11.742756,2.803431034,0,162.5339203,2650,2427.3,22,8.396174627
17013,13.1878,79.2081,13.18542,79.20623,451.0524268,414,250,1178,8.689815165,3.627392769,0,108.0942001,1806,2073.3,255,6.824865681
17014,13.7181,79.7925,13.71874,79.78955,176.3568855,112,29,918,12.54221468,2.872352362,0,135.1932526,1008,415.4,33,4.992234448
17015,9.5531,78.5861,9.55209,78.58958,477.1380462,334,37,2650,14.35882416,2.828687668,0,359.2239685,6796,5820.4,41,15.40123749
17016,10.4169,79.2917,10.41875,79.29374,64.42989301,62,12,136,1.069628711,0.961568892,0,6.325137615,550,598,14,1.410880677
17017,13.3367,80.1461,13.33957,80.1479,160.0847005,114,9,1026,8.777598142,2.270793915,0,193.9263306,1215,1128,15,3.773433904
17018,12.8669,77.8408,12.86868,77.83541,902.262471,900,845,1472,2.582151219,2.108379364,0,114.0211792,4620,2410.3,860,2.177110036
17019,10.0011,77.485,10.00207,77.48549,693.1156624,462,285,2650,19.86151914,4.906683922,0,337.8467407,1200,1364.1,290,25.72080308
17020,11.7464,79.4067,11.74792,79.40624,88.35841061,87,32,167,1.336524023,1.207495928,0,17.95467949,786,786.2,38,1.958713375
17021,12.9847,79.2672,12.98499,79.26873,423.8614392,392,186,1178,8.061303202,3.244438887,0,108.0942001,2295,2434.9,195,6.330554637
17022,12.0658,78.9781,12.06457,78.97721,638.2511582,640,133,1632,6.186060156,2.480371714,0,114.909111,10780,11656.4,133,6.073428865
17023,13.7944,79.7022,13.79377,79.7021,330.2619788,272,51,1144,14.38104946,6.408917665,0,162.5339203,1675,1839.4,54,10.3167669
17024,11.8706,79.4594,11.87291,79.46048,573.0516643,526,41,1632,5.739579971,2.294164658,0,124.1236343,12900,13454.6,45,5.63563857
17025,11.4022,78.93,11.39792,78.9314,403.8428141,327,95,1410,14.15368148,5.031919956,0,120.0611191,1017,1057.2,96,17.34354593
